date,stock_a,stock_b,stock_c,stock_d
2015-01-02,101.24,49.36,201.77,75.13
2015-01-05,100.77,48.26,199.93,75.44
2015-01-06,101.57,48.1,198.13,74.73
2015-01-07,101.97,47.62,197.47,74.66
2015-01-08,102.85,47.23,198.66,74.72
2015-01-09,102.92,47.56,199.76,74.9
2015-01-12,,49.28,203.11,74.77
2015-01-13,104.26,48.02,198.13,75.35
2015-01-14,104.9,48.34,196.29,74.4
2015-01-15,105.0,48.0,192.94,74.67
2015-01-16,105.41,48.41,196.19,76.27
2015-01-19,105.98,48.25,197.31,77.39
2015-01-20,107.61,49.15,196.55,75.14
2015-01-21,109.55,49.68,196.85,74.85
2015-01-22,109.31,50.5,195.49,75.43
2015-01-23,111.62,50.74,195.12,74.99
2015-01-26,109.23,49.92,193.31,75.31
2015-01-27,111.7,50.67,194.63,74.69
2015-01-28,112.36,50.74,199.2,74.95
2015-01-29,113.98,51.54,203.05,73.89
2015-01-30,112.31,50.83,204.25,75.01
2015-02-02,111.59,49.37,204.64,75.19
2015-02-03,111.84,48.26,203.98,74.51
2015-02-04,111.37,48.75,205.22,75.27
2015-02-05,111.2,49.38,204.88,74.14
2015-02-06,112.27,50.67,209.64,73.48
2015-02-09,110.07,49.82,208.3,73.56
2015-02-10,111.38,49.79,210.1,74.73
2015-02-11,111.55,49.64,210.41,74.26
2015-02-12,111.59,49.55,213.88,72.88
2015-02-13,109.32,48.48,209.01,72.88
2015-02-16,110.83,49.37,213.56,73.04
2015-02-17,107.55,49.13,210.13,74.19
2015-02-18,108.19,49.63,208.04,75.54
2015-02-19,106.56,48.94,204.67,76.91
2015-02-20,105.68,48.47,201.41,77.02
2015-02-23,105.15,49.03,202.62,76.43
2015-02-24,107.19,49.62,201.97,77.22
2015-02-25,106.07,49.43,202.12,77.01
2015-02-26,105.81,49.31,203.61,76.74
2015-02-27,106.0,48.85,201.66,76.58
2015-03-02,107.46,49.52,202.69,75.37
2015-03-03,108.35,49.22,200.74,74.91
2015-03-04,108.48,49.48,199.53,74.85
2015-03-05,107.96,49.33,204.48,75.4
2015-03-06,106.44,49.06,204.18,75.55
2015-03-09,106.61,49.18,204.14,74.58
2015-03-10,104.16,48.31,200.8,73.98
2015-03-11,104.72,48.2,201.65,73.91
2015-03-12,105.09,48.57,202.1,73.92
2015-03-13,108.81,49.36,204.19,72.91
2015-03-16,107.31,48.66,203.95,
2015-03-17,106.54,48.63,201.92,73.16
2015-03-18,108.3,49.54,202.2,73.6
2015-03-19,110.11,49.44,204.43,72.77
2015-03-20,110.24,49.03,201.24,73.0
2015-03-23,110.79,49.46,203.02,73.57
2015-03-24,110.61,49.32,203.02,73.05
2015-03-25,111.45,49.38,199.71,72.96
2015-03-26,110.42,49.13,199.13,73.11
2015-03-27,110.12,49.05,195.72,72.27
2015-03-30,107.55,47.91,195.23,72.79
2015-03-31,108.51,47.97,194.94,72.77
2015-04-01,107.76,48.58,,73.01
2015-04-02,107.93,48.08,201.05,72.28
2015-04-03,105.64,47.21,197.04,72.7
2015-04-06,106.72,47.15,194.27,73.35
2015-04-07,108.13,47.68,193.26,74.63
2015-04-08,106.84,47.33,190.11,75.68
2015-04-09,106.15,46.89,193.32,74.95
2015-04-10,104.22,46.26,191.6,75.66
2015-04-13,103.19,45.38,192.24,75.6
2015-04-14,102.33,44.79,191.1,75.94
2015-04-15,103.07,44.8,192.2,75.07
2015-04-16,101.87,44.16,191.43,74.09
2015-04-17,103.34,44.93,194.33,73.68
2015-04-20,102.75,44.45,194.34,74.3
2015-04-21,103.32,44.73,192.61,74.42
2015-04-22,103.04,44.38,195.62,74.72
2015-04-23,103.81,45.04,196.11,74.62
2015-04-24,104.05,,194.62,75.03
2015-04-27,,43.81,187.44,75.81
2015-04-28,100.17,43.26,187.1,75.99
2015-04-29,100.11,43.86,186.72,76.19
2015-04-30,98.29,43.57,185.54,77.74
2015-05-01,98.51,43.54,185.28,77.71
2015-05-04,98.0,,183.73,77.87
2015-05-05,100.86,45.38,185.71,77.27
2015-05-06,98.94,44.07,184.66,77.6
2015-05-07,100.25,43.87,186.1,77.23
2015-05-08,99.1,43.32,184.45,77.68
2015-05-11,97.38,42.98,185.68,77.46
2015-05-12,97.73,42.94,185.72,77.31
2015-05-13,95.09,41.56,182.25,77.4
2015-05-14,95.41,42.14,182.9,77.4
2015-05-15,97.76,42.44,182.53,77.27
2015-05-18,97.25,42.2,182.49,77.25
2015-05-19,97.56,42.67,180.0,75.78
2015-05-20,99.1,43.09,179.29,75.9
2015-05-21,98.66,42.7,175.56,76.02
2015-05-22,97.54,42.02,174.67,75.49
2015-05-25,96.39,41.04,175.12,76.64
2015-05-26,,41.06,175.62,75.5
2015-05-27,,41.09,176.66,76.24
2015-05-28,94.91,40.25,179.79,76.47
2015-05-29,95.14,40.57,180.69,74.88
2015-06-01,94.06,40.39,178.71,75.16
2015-06-02,93.29,40.26,177.06,75.02
2015-06-03,94.49,40.97,177.73,74.47
2015-06-04,93.23,40.31,175.22,74.33
2015-06-05,94.71,40.5,175.37,73.96
2015-06-08,92.34,39.79,175.65,74.0
2015-06-09,92.48,39.49,176.79,72.94
2015-06-10,94.11,40.2,175.95,73.27
2015-06-11,96.15,40.38,175.72,72.8
2015-06-12,96.78,39.78,175.04,72.29
2015-06-15,96.0,39.26,175.12,71.8
2015-06-16,95.02,39.18,176.6,72.43
2015-06-17,95.2,39.26,181.55,71.56
2015-06-18,95.05,39.66,180.77,71.63
2015-06-19,94.99,40.26,179.95,71.28
2015-06-22,94.86,40.5,181.01,70.94
2015-06-23,93.69,40.88,179.57,70.29
2015-06-24,92.63,40.58,177.8,70.25
2015-06-25,92.04,40.94,176.54,70.38
2015-06-26,92.86,41.93,172.95,70.29
2015-06-29,91.12,41.71,171.77,70.14
2015-06-30,91.11,41.88,171.29,70.12
2015-07-01,89.84,41.49,172.65,70.89
2015-07-02,88.98,41.53,172.8,69.8
2015-07-03,88.77,41.27,170.28,69.89
2015-07-06,90.62,42.08,171.38,68.92
2015-07-07,91.11,42.06,168.37,68.14
2015-07-08,89.2,41.48,165.06,68.62
2015-07-09,89.99,40.97,166.81,68.11
2015-07-10,88.53,41.25,165.65,67.55
2015-07-13,87.5,40.95,166.63,68.49
2015-07-14,87.52,41.24,163.72,68.98
2015-07-15,87.4,41.54,162.87,67.9
2015-07-16,88.21,42.0,,66.79
2015-07-17,87.22,42.19,163.81,67.33
2015-07-20,87.46,41.53,164.33,67.3
2015-07-21,86.95,42.08,164.77,68.37
2015-07-22,86.53,42.23,166.79,68.88
2015-07-23,87.55,42.76,167.3,68.79
2015-07-24,,43.52,170.21,68.0
2015-07-27,88.85,43.84,170.21,67.88
2015-07-28,91.77,44.71,170.71,66.55
2015-07-29,90.87,44.8,170.96,67.58
2015-07-30,90.89,44.17,168.51,67.81
2015-07-31,89.59,43.88,168.31,67.59
2015-08-03,89.11,43.75,167.72,68.27
2015-08-04,87.78,44.19,168.91,69.81
2015-08-05,86.44,43.21,167.77,69.93
2015-08-06,84.9,43.34,166.83,70.54
2015-08-07,85.53,43.09,167.57,70.3
2015-08-10,84.69,42.45,165.27,70.66
2015-08-11,84.64,42.39,164.97,69.49
2015-08-12,,41.66,164.86,69.71
2015-08-13,85.92,42.95,167.64,69.03
2015-08-14,85.28,42.4,166.54,70.26
2015-08-17,84.82,42.69,166.49,69.11
2015-08-18,84.35,41.95,167.89,69.25
2015-08-19,86.26,42.24,168.89,69.63
2015-08-20,87.66,42.53,169.25,69.19
2015-08-21,87.69,42.77,166.71,69.0
2015-08-24,86.62,42.14,,68.81
2015-08-25,86.7,42.25,166.65,68.18
2015-08-26,85.45,42.04,166.94,67.34
2015-08-27,87.25,43.01,168.62,66.6
2015-08-28,87.42,43.25,171.1,65.81
2015-08-31,88.25,42.94,,65.85
2015-09-01,85.81,41.98,171.9,65.96
2015-09-02,85.37,41.76,172.61,65.9
2015-09-03,85.64,41.56,,65.46
2015-09-04,86.52,41.75,177.1,65.14
2015-09-07,87.2,41.97,175.96,64.57
2015-09-08,85.68,41.27,,64.32
2015-09-09,86.05,41.15,177.2,64.29
2015-09-10,86.93,41.8,181.13,64.67
2015-09-11,84.81,40.62,181.67,65.13
2015-09-14,84.29,40.12,185.26,64.77
2015-09-15,84.57,40.13,186.75,64.62
2015-09-16,84.1,39.97,186.87,63.51
2015-09-17,81.99,38.82,182.29,63.85
2015-09-18,82.33,38.52,182.52,63.68
2015-09-21,82.0,38.28,181.19,63.22
2015-09-22,82.4,38.12,181.43,62.82
2015-09-23,81.65,37.97,180.95,
2015-09-24,81.34,37.62,181.35,63.37
2015-09-25,,38.06,181.16,64.0
2015-09-28,81.07,38.38,183.37,63.36
2015-09-29,81.38,,178.15,63.13
2015-09-30,80.95,37.92,,62.94
2015-10-01,81.37,38.0,180.35,63.37
2015-10-02,79.24,37.68,181.68,63.89
2015-10-05,79.65,37.68,183.57,
2015-10-06,79.33,37.92,186.71,64.13
2015-10-07,79.89,37.96,187.1,63.77
2015-10-08,80.96,38.78,188.22,64.33
2015-10-09,79.26,38.46,187.04,64.78
2015-10-12,77.95,37.81,184.86,64.73
2015-10-13,78.68,37.84,183.75,64.53
2015-10-14,79.0,38.0,182.82,65.24
2015-10-15,78.63,38.01,181.01,64.95
2015-10-16,77.94,38.37,181.5,65.61
2015-10-19,78.2,38.64,182.27,65.08
2015-10-20,79.39,38.88,182.66,64.41
2015-10-21,79.95,38.92,182.18,64.68
2015-10-22,79.17,38.46,182.85,64.22
2015-10-23,77.14,37.87,181.99,65.19
2015-10-26,77.3,37.91,180.81,65.21
2015-10-27,78.44,38.7,179.83,64.41
2015-10-28,78.42,38.55,182.29,64.21
2015-10-29,77.83,38.27,178.88,64.09
2015-10-30,78.63,38.89,180.62,64.13
2015-11-02,80.24,38.55,184.54,65.02
2015-11-03,82.12,39.78,189.34,64.44
2015-11-04,81.12,39.32,189.77,64.95
2015-11-05,81.25,39.29,190.89,65.01
2015-11-06,81.44,39.76,196.15,64.84
2015-11-09,81.13,40.03,191.71,64.73
2015-11-10,80.2,39.7,189.58,64.48
2015-11-11,79.76,40.18,,64.57
2015-11-12,80.33,40.58,191.75,64.27
2015-11-13,80.03,41.2,194.27,63.72
2015-11-16,80.3,41.47,194.48,64.25
2015-11-17,79.65,,194.46,64.36
2015-11-18,81.27,42.96,195.69,63.88
2015-11-19,80.43,41.99,193.65,64.86
2015-11-20,80.45,42.64,191.94,63.93
2015-11-23,,42.46,192.5,64.65
2015-11-24,81.05,43.35,192.06,63.93
2015-11-25,79.53,42.75,192.19,
2015-11-26,77.79,42.58,191.97,64.35
2015-11-27,76.09,41.54,191.76,64.29
2015-11-30,76.37,41.77,189.67,65.04
2015-12-01,76.31,41.25,185.26,66.39
2015-12-02,75.74,41.63,184.85,66.35
2015-12-03,76.27,42.05,191.07,66.38
2015-12-04,75.49,42.12,192.79,66.57
2015-12-07,75.8,41.5,192.02,67.55
2015-12-08,75.7,41.36,192.52,66.34
2015-12-09,76.31,41.78,194.74,66.4
2015-12-10,77.19,42.05,192.67,65.85
2015-12-11,76.34,42.11,194.55,64.62
2015-12-14,76.58,41.93,194.05,64.45
2015-12-15,77.78,42.37,195.13,65.27
2015-12-16,78.17,42.95,195.66,64.79
2015-12-17,76.77,41.62,196.29,65.58
2015-12-18,78.35,42.09,195.61,66.13
2015-12-21,77.04,,191.08,66.37
2015-12-22,78.5,41.83,193.36,66.1
2015-12-23,79.19,42.36,190.65,64.84
2015-12-24,80.21,42.91,190.43,64.35
2015-12-25,80.74,43.34,192.92,64.84
2015-12-28,80.29,43.22,193.82,64.92
2015-12-29,81.18,43.82,196.68,64.97
2015-12-30,80.95,43.98,197.5,65.13
2015-12-31,80.99,44.06,202.63,66.36
2016-01-01,82.18,44.19,202.53,65.89
2016-01-04,81.81,43.74,202.68,66.98
2016-01-05,81.32,43.79,201.08,67.2
2016-01-06,80.17,43.29,201.6,68.52
2016-01-07,79.34,42.5,200.22,68.03
2016-01-08,77.74,41.21,201.5,68.58
2016-01-11,78.47,41.79,201.34,68.16
2016-01-12,79.95,42.34,206.45,67.79
2016-01-13,82.05,43.05,209.5,68.18
2016-01-14,,42.82,207.43,68.81
2016-01-15,80.96,42.68,209.5,69.39
2016-01-18,82.25,43.26,211.88,68.61
2016-01-19,82.55,43.02,212.08,68.21
2016-01-20,82.3,43.2,211.8,68.19
2016-01-21,80.07,42.81,207.84,68.65
2016-01-22,79.96,42.48,207.5,68.47
2016-01-25,79.1,42.25,202.77,68.13
2016-01-26,78.77,42.69,204.76,68.82
2016-01-27,77.15,42.0,200.39,68.97
2016-01-28,76.84,42.19,200.64,69.72
2016-01-29,77.91,42.76,203.22,69.46
2016-02-01,77.01,42.56,204.0,70.06
2016-02-02,75.43,42.31,199.08,70.7
2016-02-03,73.92,41.64,196.37,70.72
2016-02-04,73.23,41.22,196.99,71.01
2016-02-05,73.03,41.32,196.44,72.4
2016-02-08,71.46,41.1,197.28,72.96
2016-02-09,72.45,41.35,196.23,73.43
2016-02-10,72.35,40.7,191.76,74.0
2016-02-11,71.08,40.25,192.1,74.49
2016-02-12,70.31,40.11,190.47,74.76
2016-02-15,71.46,40.16,188.38,74.83
2016-02-16,71.9,40.29,188.8,75.18
2016-02-17,71.75,39.8,191.01,74.29
2016-02-18,72.77,40.24,189.34,74.29
2016-02-19,71.52,39.86,192.5,74.47
2016-02-22,71.6,39.36,190.96,74.19
2016-02-23,72.09,39.53,191.33,75.02
2016-02-24,72.0,39.35,188.5,74.64
2016-02-25,72.34,39.68,,73.59
2016-02-26,71.58,39.27,,74.32
2016-02-29,71.42,39.22,185.81,73.23
2016-03-01,71.54,39.2,191.8,71.82
2016-03-02,69.21,37.96,187.57,73.17
2016-03-03,70.17,38.41,188.01,72.96
2016-03-04,67.7,37.36,186.43,74.07
2016-03-07,67.57,37.09,189.17,73.93
2016-03-08,68.02,37.34,192.52,72.74
2016-03-09,,37.13,189.89,72.05
2016-03-10,66.61,37.36,188.66,72.24
2016-03-11,65.53,36.75,183.96,71.7
2016-03-14,66.84,36.96,186.8,71.62
2016-03-15,65.63,37.26,181.69,71.81
2016-03-16,66.64,37.81,181.49,71.63
2016-03-17,67.22,37.38,181.45,71.74
2016-03-18,65.79,37.21,180.99,72.3
2016-03-21,65.35,36.75,179.92,72.77
2016-03-22,64.69,36.66,181.59,72.8
2016-03-23,65.09,36.92,183.88,72.69
2016-03-24,65.78,37.06,185.92,72.65
2016-03-25,64.1,36.93,181.79,71.51
2016-03-28,64.03,36.96,184.48,72.03
2016-03-29,63.73,36.95,182.09,72.34
2016-03-30,64.83,37.56,186.75,72.36
2016-03-31,63.22,36.95,189.06,71.87
2016-04-01,64.16,37.72,191.9,71.25
2016-04-04,64.33,38.08,193.88,70.56
2016-04-05,63.47,37.71,186.71,71.32
2016-04-06,62.13,38.01,185.62,70.59
2016-04-07,61.94,37.99,186.81,70.2
2016-04-08,61.06,37.6,187.13,70.86
2016-04-11,60.9,37.72,185.0,70.42
2016-04-12,60.32,37.33,183.13,70.14
2016-04-13,,36.2,176.25,71.27
2016-04-14,58.13,36.05,176.6,71.97
2016-04-15,57.01,35.5,171.47,72.9
2016-04-18,57.02,35.14,172.66,73.66
2016-04-19,56.88,34.94,173.79,73.74
2016-04-20,56.4,34.66,172.09,73.83
2016-04-21,57.93,35.56,175.11,72.86
2016-04-22,58.21,35.78,174.82,72.95
2016-04-25,58.04,35.92,175.52,72.54
2016-04-26,57.01,34.93,171.71,72.71
2016-04-27,56.38,35.22,172.13,73.27
2016-04-28,56.63,35.27,169.57,73.99
2016-04-29,55.89,34.91,165.5,74.52
2016-05-02,56.66,35.12,166.23,75.48
2016-05-03,55.9,34.59,164.71,75.32
2016-05-04,54.87,34.94,164.9,74.16
2016-05-05,54.56,35.14,163.28,74.79
2016-05-06,54.86,35.33,166.58,74.22
2016-05-09,54.57,35.09,166.23,74.2
2016-05-10,54.38,35.18,166.37,73.09
2016-05-11,54.69,35.13,166.49,72.56
2016-05-12,54.31,34.84,167.45,71.77
2016-05-13,54.77,35.1,168.94,71.36
2016-05-16,55.23,35.07,169.95,71.04
2016-05-17,55.29,35.12,171.14,71.11
2016-05-18,54.77,35.04,167.64,72.01
2016-05-19,54.64,35.49,165.49,72.24
2016-05-20,54.38,35.24,165.15,71.25
2016-05-23,54.4,35.34,164.55,71.71
2016-05-24,54.39,35.13,165.63,71.75
2016-05-25,55.75,35.55,167.39,71.24
2016-05-26,54.91,34.96,167.04,71.57
2016-05-27,55.8,34.93,165.76,71.49
2016-05-30,54.48,34.59,163.89,71.53
2016-05-31,54.77,34.4,161.95,71.35
2016-06-01,55.97,34.74,164.14,71.7
2016-06-02,56.74,35.26,161.59,71.11
2016-06-03,56.39,35.17,162.34,70.41
2016-06-06,55.9,34.93,159.46,70.51
2016-06-07,56.18,34.67,158.9,69.78
2016-06-08,56.46,34.83,160.11,68.76
2016-06-09,56.01,34.81,159.75,68.74
2016-06-10,55.75,34.92,156.89,69.7
2016-06-13,56.12,35.15,156.05,69.62
2016-06-14,55.86,34.92,153.04,69.92
2016-06-15,55.24,34.52,149.76,68.79
2016-06-16,54.45,33.85,148.74,69.39
2016-06-17,55.05,34.34,149.95,69.35
2016-06-20,55.95,34.74,151.13,68.79
2016-06-21,56.33,34.64,152.28,68.84
2016-06-22,57.02,34.98,153.17,68.7
2016-06-23,57.08,34.93,152.85,68.02
2016-06-24,57.53,34.76,151.6,68.12
2016-06-27,57.72,34.92,151.23,68.78
2016-06-28,,34.78,149.19,68.65
2016-06-29,57.08,34.35,147.48,68.24
2016-06-30,59.01,34.68,149.61,67.59
2016-07-01,58.38,34.11,149.05,68.21
2016-07-04,57.81,33.8,153.1,67.62
2016-07-05,58.15,33.93,151.47,
2016-07-06,58.93,33.78,151.53,67.38
2016-07-07,57.84,33.51,148.16,67.87
2016-07-08,58.45,33.86,148.61,67.24
2016-07-11,58.24,34.0,148.03,66.92
2016-07-12,57.96,33.59,148.32,68.11
2016-07-13,57.99,33.77,148.73,66.96
2016-07-14,58.16,34.02,149.03,67.09
2016-07-15,58.09,33.28,147.29,68.45
2016-07-18,59.53,34.0,146.82,68.43
2016-07-19,59.69,33.97,146.46,67.45
2016-07-20,59.69,,145.92,66.67
2016-07-21,60.88,34.67,147.45,
2016-07-22,61.27,,148.44,65.89
2016-07-25,61.83,34.71,148.09,66.02
2016-07-26,61.48,34.31,147.15,65.42
2016-07-27,61.77,34.62,145.17,64.77
2016-07-28,62.38,35.11,146.39,64.18
2016-07-29,62.2,35.6,145.41,64.06
2016-08-01,61.31,35.35,145.83,65.4
2016-08-02,60.89,35.93,147.9,64.82
2016-08-03,60.38,35.83,147.59,64.26
2016-08-04,59.17,35.69,144.94,63.91
2016-08-05,57.81,34.94,143.66,64.61
2016-08-08,58.32,35.25,144.68,64.45
2016-08-09,56.2,33.75,142.01,64.53
2016-08-10,55.48,33.53,141.41,64.26
2016-08-11,54.89,33.51,141.82,63.91
2016-08-12,55.64,33.58,143.67,63.77
2016-08-15,55.16,33.55,142.77,65.44
2016-08-16,56.04,34.01,141.01,65.61
2016-08-17,55.62,33.76,141.34,65.64
2016-08-18,55.96,33.54,140.37,65.22
2016-08-19,56.47,33.66,141.32,64.26
2016-08-22,56.16,33.26,141.16,64.78
2016-08-23,56.62,33.56,139.37,64.94
2016-08-24,55.95,33.28,138.68,64.9
2016-08-25,55.95,33.3,139.66,65.53
2016-08-26,56.64,34.06,141.35,65.32
2016-08-29,57.04,34.08,142.1,65.62
2016-08-30,58.11,35.11,140.95,65.33
2016-08-31,57.88,34.58,142.13,65.4
2016-09-01,57.07,34.15,141.56,65.16
2016-09-02,56.28,34.16,139.06,65.3
2016-09-05,56.79,34.69,138.54,65.64
2016-09-06,57.12,34.75,139.29,65.22
2016-09-07,56.96,34.95,140.35,65.44
2016-09-08,56.24,34.7,138.75,65.07
2016-09-09,56.6,34.81,140.57,65.34
2016-09-12,55.52,34.58,137.08,65.81
2016-09-13,55.86,35.5,136.63,
2016-09-14,57.73,36.64,136.17,64.02
2016-09-15,58.16,36.94,135.27,64.47
2016-09-16,58.39,37.36,137.83,63.6
2016-09-19,58.8,36.76,140.3,63.1
2016-09-20,57.8,36.27,139.13,63.47
2016-09-21,57.78,35.78,137.77,64.83
2016-09-22,57.27,35.24,136.58,64.69
2016-09-23,56.83,35.37,136.07,65.31
2016-09-26,57.8,35.9,135.37,65.05
2016-09-27,57.27,35.79,134.83,64.64
2016-09-28,57.42,,137.12,64.64
2016-09-29,,35.89,135.46,64.45
2016-09-30,57.33,35.71,134.33,64.27
2016-10-03,58.09,36.41,135.15,63.09
2016-10-04,58.47,36.42,135.52,63.08
2016-10-05,58.98,36.16,135.13,63.47
2016-10-06,59.09,36.26,135.09,63.54
2016-10-07,58.59,36.04,135.66,64.24
2016-10-10,57.31,36.0,137.2,64.9
2016-10-11,56.44,35.16,135.44,65.32
2016-10-12,56.31,35.38,135.19,65.01
2016-10-13,56.19,35.91,137.34,64.71
2016-10-14,55.17,35.24,135.55,64.15
2016-10-17,54.99,35.18,133.76,63.99
2016-10-18,54.84,35.32,134.16,64.06
2016-10-19,53.12,34.37,133.89,65.56
2016-10-20,52.16,34.15,133.66,66.08
2016-10-21,52.38,34.23,133.88,65.47
2016-10-24,52.48,34.3,132.28,64.53
2016-10-25,52.07,33.94,,64.67
2016-10-26,52.26,34.02,133.08,65.1
2016-10-27,52.99,34.41,132.28,64.73
2016-10-28,53.3,34.51,132.59,64.86
2016-10-31,53.23,34.33,132.02,
2016-11-01,53.04,34.16,130.76,65.29
2016-11-02,52.84,33.95,130.61,64.5
2016-11-03,53.13,33.99,131.58,65.32
2016-11-04,53.56,34.15,132.32,64.62
2016-11-07,53.99,33.87,131.55,64.93
2016-11-08,54.3,33.72,129.53,64.73
2016-11-09,54.72,33.92,130.53,64.47
2016-11-10,54.31,33.73,129.96,64.3
2016-11-11,54.91,34.44,133.02,64.26
2016-11-14,55.7,34.74,136.28,64.32
2016-11-15,55.34,34.53,138.37,65.12
2016-11-16,54.29,33.81,135.61,66.37
2016-11-17,55.22,,137.68,66.2
2016-11-18,55.19,34.08,139.12,67.16
2016-11-21,54.23,33.49,138.76,67.63
2016-11-22,53.9,33.02,137.7,68.45
2016-11-23,54.26,33.2,140.14,68.52
2016-11-24,54.4,32.44,139.93,68.25
2016-11-25,53.84,32.0,139.7,68.48
2016-11-28,,32.83,138.75,68.44
2016-11-29,54.39,32.72,138.79,68.67
2016-11-30,54.12,32.82,137.79,69.12
2016-12-01,54.18,33.27,138.63,69.6
2016-12-02,54.53,33.58,139.3,69.48
2016-12-05,54.91,33.63,139.99,67.54
2016-12-06,54.78,33.65,140.72,68.33
2016-12-07,54.67,34.03,,68.09
2016-12-08,55.0,34.22,142.18,67.47
2016-12-09,54.75,34.83,139.92,66.84
2016-12-12,54.87,34.76,140.8,66.62
2016-12-13,55.27,35.36,139.77,66.25
2016-12-14,55.34,35.39,138.13,65.76
2016-12-15,55.58,36.05,,65.17
2016-12-16,56.06,36.74,138.26,65.34
2016-12-19,56.01,36.47,138.18,66.53
2016-12-20,55.45,36.06,134.63,67.21
2016-12-21,55.43,35.79,134.19,67.87
2016-12-22,56.05,,135.76,67.64
2016-12-23,55.57,,135.33,67.66
2016-12-26,56.97,36.42,136.93,67.37
2016-12-27,56.63,36.26,137.95,67.09
2016-12-28,56.71,36.58,139.42,66.73
2016-12-29,57.72,36.42,141.78,66.98
2016-12-30,58.04,36.84,138.01,67.61
2017-01-02,59.69,37.58,142.43,67.08
2017-01-03,59.36,37.61,143.03,66.45
2017-01-04,59.58,37.93,146.9,66.19
2017-01-05,,38.06,145.08,65.52
2017-01-06,58.74,37.91,142.27,65.64
2017-01-09,58.88,37.37,142.51,65.72
2017-01-10,59.57,37.7,142.87,65.36
2017-01-11,60.04,37.89,144.1,65.42
2017-01-12,60.6,38.04,146.78,65.36
2017-01-13,60.23,38.06,146.59,65.53
2017-01-16,59.49,37.84,145.97,64.9
2017-01-17,61.74,38.43,149.16,64.12
2017-01-18,62.13,38.79,149.15,64.26
2017-01-19,61.77,38.36,148.03,65.34
2017-01-20,60.84,37.99,148.97,65.34
2017-01-23,60.71,37.52,150.03,65.88
2017-01-24,61.23,38.24,152.55,66.17
2017-01-25,61.03,38.11,151.98,66.13
2017-01-26,61.4,38.18,148.9,66.79
2017-01-27,61.07,38.04,148.64,67.52
2017-01-30,61.46,38.46,148.19,68.18
2017-01-31,60.91,38.57,147.27,68.66
2017-02-01,61.02,38.38,145.37,70.4
2017-02-02,61.29,38.68,145.55,69.95
2017-02-03,62.25,39.11,144.59,71.14
2017-02-06,62.9,38.81,143.06,71.54
2017-02-07,62.42,38.25,144.14,72.62
2017-02-08,62.64,38.44,143.35,72.22
2017-02-09,62.43,37.96,142.73,72.96
2017-02-10,61.6,37.46,143.67,74.04
2017-02-13,61.41,36.58,144.2,73.56
2017-02-14,62.46,36.65,146.51,73.1
2017-02-15,62.13,36.81,147.53,71.54
2017-02-16,62.49,37.01,149.17,71.26
2017-02-17,63.66,37.23,152.39,70.42
2017-02-20,65.79,38.28,155.67,69.57
2017-02-21,,37.53,151.3,71.85
2017-02-22,63.88,37.6,149.86,73.16
2017-02-23,63.01,37.34,150.37,72.37
2017-02-24,62.37,37.26,148.69,72.95
2017-02-27,61.6,36.94,150.17,73.76
2017-02-28,61.29,36.43,149.83,73.61
2017-03-01,60.79,35.99,148.89,
2017-03-02,60.79,35.76,150.9,
2017-03-03,60.95,35.76,150.69,73.22
2017-03-06,61.34,35.72,151.41,72.41
2017-03-07,61.25,36.01,153.27,72.38
2017-03-08,,35.84,151.6,72.28
2017-03-09,61.06,35.73,150.85,71.91
2017-03-10,63.27,36.64,154.08,
2017-03-13,63.66,37.0,154.42,70.73
2017-03-14,61.73,36.13,154.99,71.77
2017-03-15,60.07,35.8,151.67,71.97
2017-03-16,59.06,35.26,147.6,73.48
2017-03-17,59.06,35.72,148.78,73.01
2017-03-20,59.33,35.26,149.99,73.17
2017-03-21,58.76,,149.3,73.05
2017-03-22,60.32,36.35,151.74,72.9
2017-03-23,60.99,36.47,153.4,72.24
2017-03-24,61.41,36.19,152.85,73.31
2017-03-27,60.61,35.71,150.95,72.43
2017-03-28,59.92,34.6,150.35,73.82
2017-03-29,60.12,,151.77,73.86
2017-03-30,60.26,34.98,,74.18
2017-03-31,59.24,34.12,148.26,75.57
2017-04-03,58.99,33.94,147.76,76.2
2017-04-04,58.63,34.2,148.41,75.69
2017-04-05,59.08,33.67,148.23,76.15
2017-04-06,58.35,33.06,146.73,77.66
2017-04-07,57.82,32.84,148.11,77.19
2017-04-10,57.7,32.59,147.18,78.72
2017-04-11,57.8,32.55,146.86,78.96
2017-04-12,58.12,32.42,145.08,78.47
2017-04-13,58.9,32.82,145.01,77.53
2017-04-14,58.69,32.7,145.53,77.45
2017-04-17,58.44,,145.62,76.22
2017-04-18,58.08,32.91,146.9,75.81
2017-04-19,59.08,33.16,148.28,75.46
2017-04-20,58.74,32.65,151.03,74.84
2017-04-21,59.49,,150.64,75.13
2017-04-24,59.8,33.27,149.12,74.71
2017-04-25,60.61,33.65,148.73,73.93
2017-04-26,61.73,34.53,149.29,73.24
2017-04-27,61.56,34.05,147.1,73.7
2017-04-28,61.41,34.43,147.27,73.73
2017-05-01,61.67,34.85,149.16,73.26
2017-05-02,61.41,35.03,151.41,73.36
2017-05-03,60.82,34.55,151.61,73.49
2017-05-04,59.69,33.48,153.54,73.13
2017-05-05,,33.81,153.1,72.91
2017-05-08,59.06,33.6,149.95,73.48
2017-05-09,58.75,33.43,151.64,73.83
2017-05-10,57.65,33.5,148.19,73.89
2017-05-11,56.6,32.93,146.13,74.63
2017-05-12,56.55,32.9,147.12,73.9
2017-05-15,56.21,33.09,147.13,73.23
2017-05-16,56.41,32.99,147.38,72.9
2017-05-17,57.35,33.67,147.59,73.31
2017-05-18,57.27,34.06,147.85,73.33
2017-05-19,57.97,34.29,149.8,73.02
2017-05-22,57.35,34.28,148.88,74.32
2017-05-23,56.54,34.18,146.54,74.47
2017-05-24,57.36,34.71,146.12,75.54
2017-05-25,56.31,33.78,144.17,75.44
2017-05-26,55.31,33.15,143.85,75.03
2017-05-29,55.29,33.35,,74.92
2017-05-30,55.48,32.92,143.13,74.77
2017-05-31,55.15,32.56,139.26,74.46
2017-06-01,55.14,32.56,139.61,76.3
2017-06-02,55.77,33.34,139.41,76.18
2017-06-05,55.26,32.94,139.72,76.71
2017-06-06,54.27,32.35,137.53,76.77
2017-06-07,54.85,32.63,136.97,76.11
2017-06-08,55.75,32.89,137.61,76.67
2017-06-09,54.87,32.66,140.39,75.69
2017-06-12,53.79,32.45,140.13,
2017-06-13,53.65,32.02,139.72,75.36
2017-06-14,53.24,32.04,140.19,76.29
2017-06-15,53.84,32.52,138.75,75.71
2017-06-16,53.05,32.11,136.37,76.27
2017-06-19,52.95,32.31,,76.3
2017-06-20,52.97,32.56,135.83,77.01
2017-06-21,51.65,32.04,135.98,76.56
2017-06-22,52.48,32.41,137.39,76.78
2017-06-23,51.89,32.15,136.62,76.96
2017-06-26,51.89,32.1,134.81,77.5
2017-06-27,52.08,32.02,134.73,76.86
2017-06-28,52.54,32.68,138.08,76.57
2017-06-29,52.82,33.03,138.74,76.34
2017-06-30,51.9,32.03,136.03,76.3
2017-07-03,51.46,31.84,133.05,75.63
2017-07-04,51.25,31.29,135.03,75.19
2017-07-05,51.19,31.1,134.8,75.33
2017-07-06,51.16,31.49,132.85,74.68
2017-07-07,51.35,31.71,132.28,74.24
2017-07-10,51.47,31.93,131.09,72.83
2017-07-11,51.24,31.11,130.77,72.63
2017-07-12,50.37,30.48,129.62,73.79
2017-07-13,50.26,30.43,128.64,74.37
2017-07-14,50.65,30.68,129.98,74.2
2017-07-17,49.74,30.6,129.26,74.64
2017-07-18,49.99,30.74,131.15,73.91
2017-07-19,50.63,30.98,131.42,74.75
2017-07-20,50.56,30.69,135.61,76.11
2017-07-21,48.68,29.76,132.41,77.07
2017-07-24,48.06,29.11,130.23,79.24
2017-07-25,49.09,29.21,130.39,78.22
2017-07-26,48.84,28.82,129.71,77.49
2017-07-27,48.09,28.62,126.01,
2017-07-28,,28.91,127.34,77.03
2017-07-31,49.09,28.97,124.96,78.64
2017-08-01,49.9,29.17,126.02,78.13
2017-08-02,,28.84,124.55,77.44
2017-08-03,49.73,29.19,124.44,76.68
2017-08-04,49.75,28.79,125.49,77.37
2017-08-07,49.97,28.86,128.97,77.86
2017-08-08,51.35,29.5,129.36,76.88
2017-08-09,52.12,29.83,129.94,75.32
2017-08-10,51.48,29.22,127.8,74.98
2017-08-11,51.85,28.93,127.06,76.02
2017-08-14,52.47,29.06,127.04,76.17
2017-08-15,52.7,29.23,129.04,75.88
2017-08-16,52.46,28.94,128.1,77.28
2017-08-17,53.22,29.5,131.95,78.32
2017-08-18,53.88,29.49,133.26,78.03
2017-08-21,56.18,30.3,133.99,77.29
2017-08-22,56.04,30.13,132.92,77.08
2017-08-23,55.93,30.22,131.48,77.02
2017-08-24,55.48,30.11,132.31,76.07
2017-08-25,55.03,30.17,129.8,75.19
2017-08-28,54.43,29.87,127.41,74.26
2017-08-29,52.47,29.2,124.59,75.73
2017-08-30,52.34,28.74,125.14,74.79
2017-08-31,52.69,28.25,126.99,76.0
2017-09-01,52.11,28.2,128.4,75.63
2017-09-04,53.67,28.84,130.61,76.28
2017-09-05,53.72,28.96,130.53,76.02
2017-09-06,54.1,29.2,132.61,74.6
2017-09-07,54.28,29.64,131.33,75.39
2017-09-08,54.91,29.77,129.59,76.12
2017-09-11,55.38,29.96,130.39,75.42
2017-09-12,56.22,30.51,130.17,74.81
2017-09-13,56.51,30.95,130.15,74.19
2017-09-14,56.92,31.03,130.71,73.97
2017-09-15,56.81,30.98,131.35,73.93
2017-09-18,56.23,,132.38,73.77
2017-09-19,56.84,31.05,133.83,72.46
2017-09-20,58.75,31.83,135.92,71.5
2017-09-21,58.67,31.87,135.12,72.02
2017-09-22,59.43,32.82,135.63,71.77
2017-09-25,60.67,33.31,135.86,71.23
2017-09-26,61.74,33.34,136.55,
2017-09-27,61.48,33.3,140.2,69.94
2017-09-28,60.29,32.3,138.48,71.44
2017-09-29,60.84,32.36,139.56,70.57
2017-10-02,59.15,31.59,136.77,71.59
2017-10-03,60.02,31.89,139.41,71.24
2017-10-04,,31.6,140.64,71.35
2017-10-05,60.47,32.32,142.6,70.62
2017-10-06,60.05,32.13,142.15,70.62
2017-10-09,58.68,31.6,142.32,71.0
2017-10-10,58.99,31.88,144.39,70.6
2017-10-11,58.83,32.0,,70.81
2017-10-12,58.42,31.93,144.22,71.22
2017-10-13,58.28,32.14,145.61,72.6
2017-10-16,60.22,33.05,146.74,72.05
2017-10-17,61.42,33.5,146.45,70.61
2017-10-18,62.65,34.05,147.31,71.07
2017-10-19,63.42,34.38,145.53,70.72
2017-10-20,64.56,34.82,148.07,71.62
2017-10-23,64.71,35.19,146.5,72.62
2017-10-24,63.51,34.38,144.05,
2017-10-25,63.12,34.43,143.6,73.34
2017-10-26,63.74,34.83,144.38,72.73
2017-10-27,62.45,34.34,143.07,72.98
2017-10-30,62.68,34.07,142.85,73.46
2017-10-31,62.83,33.76,142.19,74.38
2017-11-01,64.02,34.12,142.86,74.57
2017-11-02,63.93,33.98,142.42,74.42
2017-11-03,64.65,34.02,144.55,75.91
2017-11-06,64.86,34.31,142.09,75.49
2017-11-07,64.63,34.65,141.79,74.41
2017-11-08,65.01,34.88,141.32,73.41
2017-11-09,64.19,33.79,140.92,
2017-11-10,62.4,33.26,137.1,75.23
2017-11-13,62.33,33.17,136.56,75.29
2017-11-14,62.63,33.4,136.71,74.83
2017-11-15,63.43,33.8,139.2,74.2
2017-11-16,64.3,34.27,141.01,73.25
2017-11-17,65.43,34.77,140.69,73.14
2017-11-20,64.78,34.44,139.19,73.33
2017-11-21,64.47,34.7,140.16,73.71
2017-11-22,64.41,34.86,138.9,73.8
2017-11-23,66.74,36.04,140.94,72.84
2017-11-24,67.04,36.84,142.21,71.5
2017-11-27,,37.45,142.64,70.23
2017-11-28,67.31,36.79,146.21,72.26
2017-11-29,66.67,36.81,144.86,73.45
2017-11-30,67.51,36.97,146.23,74.13
2017-12-01,67.02,36.8,,73.96
2017-12-04,66.61,36.44,144.76,74.03
2017-12-05,66.74,36.06,,73.51
2017-12-06,68.11,37.21,146.5,72.22
2017-12-07,67.27,36.81,146.13,71.93
2017-12-08,65.97,36.3,142.75,73.43
2017-12-11,65.91,36.52,141.57,73.84
2017-12-12,65.52,36.16,142.47,73.38
2017-12-13,65.7,36.17,141.74,73.15
2017-12-14,65.74,35.78,138.31,73.67
2017-12-15,65.38,35.69,140.56,73.35
2017-12-18,66.3,35.66,140.13,73.19
2017-12-19,64.61,35.03,138.52,73.86
2017-12-20,64.2,35.13,140.4,74.25
2017-12-21,64.57,35.44,140.8,74.23
2017-12-22,63.9,34.82,140.07,73.95
2017-12-25,62.83,34.53,137.05,74.0
2017-12-26,63.7,34.76,135.39,73.07
2017-12-27,64.47,34.99,136.1,71.75
2017-12-28,64.71,35.2,136.58,71.69
2017-12-29,,34.5,135.42,72.72
2018-01-01,63.51,34.42,135.36,71.63
2018-01-02,62.2,34.39,134.06,72.23
2018-01-03,62.35,34.5,131.89,72.66
2018-01-04,61.5,34.19,131.81,71.69
2018-01-05,60.79,33.71,131.13,71.81
2018-01-08,60.56,33.89,133.41,72.99
2018-01-09,59.97,33.7,133.29,73.39
2018-01-10,59.04,33.09,,72.33
2018-01-11,59.6,33.11,131.97,72.6
2018-01-12,59.06,33.32,131.21,72.22
2018-01-15,59.86,33.87,132.58,72.41
2018-01-16,60.32,33.9,132.85,71.88
2018-01-17,59.45,34.06,130.66,72.02
2018-01-18,58.44,33.99,127.9,71.89
2018-01-19,57.8,33.39,126.99,72.31
2018-01-22,58.12,33.45,129.0,71.86
2018-01-23,57.77,33.43,128.85,71.8
2018-01-24,55.9,,128.09,71.65
2018-01-25,55.42,32.31,128.99,72.1
2018-01-26,54.52,32.12,128.66,72.44
2018-01-29,55.82,32.18,128.85,70.99
2018-01-30,54.49,31.62,127.81,72.06
2018-01-31,53.87,31.11,128.26,72.31
2018-02-01,54.5,,129.83,72.12
2018-02-02,55.12,31.67,131.89,72.26
2018-02-05,54.53,31.35,130.72,72.66
2018-02-06,53.43,31.05,129.98,73.59
2018-02-07,53.81,31.48,130.32,73.22
2018-02-08,52.3,30.78,128.47,74.52
2018-02-09,51.37,30.68,128.56,75.1
2018-02-12,50.73,30.77,125.38,75.52
2018-02-13,52.0,31.14,126.61,75.36
2018-02-14,51.96,31.07,126.2,76.32
2018-02-15,52.36,31.02,124.57,76.78
2018-02-16,53.08,31.59,126.29,76.16
2018-02-19,54.74,31.9,126.99,75.14
2018-02-20,53.98,31.52,126.12,75.26
2018-02-21,54.17,31.64,128.48,74.74
2018-02-22,55.18,32.52,131.23,73.55
2018-02-23,53.75,31.5,130.81,72.54
2018-02-26,54.13,32.17,132.14,71.27
2018-02-27,53.49,31.83,131.14,72.81
2018-02-28,53.35,31.39,133.89,72.35
2018-03-01,53.31,30.58,134.79,73.66
2018-03-02,52.24,29.94,133.03,74.17
2018-03-05,51.1,29.66,130.43,74.4
2018-03-06,,29.73,131.41,73.32
2018-03-07,52.51,30.18,132.15,73.05
2018-03-08,52.17,30.02,130.19,74.34
2018-03-09,52.23,29.78,130.82,75.36
2018-03-12,52.87,29.85,130.94,75.38
2018-03-13,52.38,29.59,130.89,74.86
2018-03-14,52.9,29.86,132.07,74.02
2018-03-15,53.74,29.91,131.94,73.23
2018-03-16,55.26,30.9,134.89,73.38
2018-03-19,,30.64,133.94,74.56
2018-03-20,54.74,30.31,133.01,74.81
2018-03-21,55.19,30.41,132.94,74.39
2018-03-22,55.64,30.92,135.13,75.2
2018-03-23,55.33,30.73,134.34,74.68
2018-03-26,55.08,30.45,135.89,74.82
2018-03-27,55.17,30.85,138.8,74.98
2018-03-28,54.86,31.14,137.12,74.61
2018-03-29,54.34,31.08,132.87,74.29
2018-03-30,54.36,31.42,134.35,73.78
2018-04-02,54.95,31.99,134.72,74.46
2018-04-03,54.66,31.66,133.09,75.91
2018-04-04,52.92,31.12,130.88,76.49
2018-04-05,51.96,30.25,128.86,76.82
2018-04-06,51.03,29.84,,
2018-04-09,50.55,29.33,128.79,77.11
2018-04-10,50.35,29.2,130.35,76.76
2018-04-11,49.64,28.7,130.09,77.02
2018-04-12,49.71,28.45,129.16,77.49
2018-04-13,49.2,28.37,128.08,77.42
2018-04-16,49.26,28.23,128.48,77.4
2018-04-17,50.07,28.17,130.59,76.9
2018-04-18,50.59,28.19,132.44,76.49
2018-04-19,50.63,27.86,132.13,76.18
2018-04-20,50.58,27.8,132.01,76.82
2018-04-23,50.16,27.8,132.46,75.72
2018-04-24,50.13,27.95,132.24,76.7
2018-04-25,50.34,27.94,131.22,76.63
2018-04-26,49.83,27.76,129.48,77.29
2018-04-27,49.81,27.67,129.22,77.78
2018-04-30,48.8,26.9,128.52,77.85
2018-05-01,49.26,27.12,130.33,77.15
2018-05-02,49.48,27.5,129.18,76.22
2018-05-03,49.15,27.64,128.22,76.12
2018-05-04,49.89,,129.18,76.09
2018-05-07,49.89,28.03,129.54,75.93
2018-05-08,50.11,27.99,129.05,76.28
2018-05-09,50.22,28.13,128.49,74.67
2018-05-10,49.84,28.0,126.63,74.43
2018-05-11,49.79,27.92,127.17,75.24
2018-05-14,49.99,27.42,127.07,75.09
2018-05-15,50.46,27.59,126.9,74.3
2018-05-16,51.59,27.98,127.65,73.49
2018-05-17,52.2,27.9,129.11,71.51
2018-05-18,52.48,28.52,128.46,70.64
2018-05-21,51.79,28.07,126.87,71.49
2018-05-22,52.06,28.16,129.08,70.92
2018-05-23,52.02,27.76,128.61,70.81
2018-05-24,52.99,27.93,130.34,69.06
2018-05-25,54.4,28.77,132.64,67.51
2018-05-28,54.34,29.09,132.51,68.26
2018-05-29,52.73,28.33,130.34,69.18
2018-05-30,,28.03,131.02,68.5
2018-05-31,53.33,28.11,133.56,67.81
2018-06-01,53.64,28.56,135.48,67.65
2018-06-04,53.98,28.89,134.1,66.86
2018-06-05,54.6,29.16,136.71,65.42
2018-06-06,54.87,28.97,136.64,65.21
2018-06-07,55.7,29.02,,65.25
2018-06-08,56.56,29.32,137.17,65.38
2018-06-11,58.09,29.89,139.61,65.53
2018-06-12,58.53,29.51,140.69,64.53
2018-06-13,59.43,29.7,141.11,64.35
2018-06-14,59.17,30.0,142.06,64.26
2018-06-15,58.55,29.78,141.77,64.34
2018-06-18,59.98,,142.43,63.82
2018-06-19,60.2,30.88,141.63,
2018-06-20,60.37,30.86,142.92,61.5
2018-06-21,60.38,30.83,142.93,62.12
2018-06-22,59.95,30.63,140.5,62.43
2018-06-25,59.82,30.41,141.73,61.59
2018-06-26,61.33,30.6,142.29,61.53
2018-06-27,61.91,31.14,145.08,61.15
2018-06-28,61.09,30.41,141.62,61.29
2018-06-29,61.03,30.61,141.2,60.91
2018-07-02,62.39,31.04,141.75,60.81
2018-07-03,61.96,30.98,140.21,60.42
2018-07-04,60.66,30.59,138.05,60.21
2018-07-05,62.08,31.01,142.14,60.4
2018-07-06,62.18,31.36,142.95,60.15
2018-07-09,61.98,30.84,141.79,60.08
2018-07-10,61.62,30.85,138.93,
2018-07-11,62.57,30.57,137.47,59.93
2018-07-12,62.33,30.36,136.31,59.79
2018-07-13,63.03,30.92,136.41,59.7
2018-07-16,63.61,31.24,136.56,58.76
2018-07-17,63.76,31.0,133.71,58.82
2018-07-18,62.98,30.76,133.73,58.39
2018-07-19,62.71,30.55,134.99,58.87
2018-07-20,63.87,30.91,138.08,58.93
2018-07-23,62.7,30.16,134.81,59.33
2018-07-24,61.54,29.7,132.45,58.82
2018-07-25,62.51,29.96,131.83,58.63
2018-07-26,62.76,30.08,132.55,57.87
2018-07-27,63.15,30.35,131.34,57.75
2018-07-30,,30.54,133.91,56.47
2018-07-31,63.35,30.32,133.73,55.75
2018-08-01,63.95,30.08,134.22,56.19
2018-08-02,63.95,30.11,136.36,56.38
2018-08-03,64.03,29.75,135.96,56.29
2018-08-06,64.02,29.53,136.27,55.89
2018-08-07,65.32,30.23,,54.94
2018-08-08,63.79,30.08,133.68,55.38
2018-08-09,64.35,30.22,133.28,55.11
2018-08-10,62.89,29.88,134.89,56.21
2018-08-13,62.16,29.51,135.68,
2018-08-14,61.84,29.45,135.72,56.25
2018-08-15,59.89,28.86,132.75,55.96
2018-08-16,,29.26,134.29,55.7
2018-08-17,60.47,29.04,132.2,55.86
2018-08-20,58.72,28.41,128.54,56.09
2018-08-21,59.12,28.89,128.48,55.67
2018-08-22,59.6,29.28,132.17,55.54
2018-08-23,,29.44,135.94,56.0
2018-08-24,60.95,30.16,135.64,55.99
2018-08-27,61.69,29.92,134.78,56.56
2018-08-28,62.93,30.3,133.67,56.6
2018-08-29,64.2,30.89,135.15,56.8
2018-08-30,64.96,31.3,136.31,56.26
2018-08-31,63.94,30.98,136.64,56.34
2018-09-03,64.78,31.0,138.08,56.19
2018-09-04,65.08,31.08,138.19,56.37
2018-09-05,64.38,30.28,137.48,57.14
2018-09-06,65.21,30.95,136.93,57.11
2018-09-07,66.45,31.59,139.58,57.08
2018-09-10,66.76,31.94,139.43,56.66
2018-09-11,67.75,32.32,141.33,56.81
2018-09-12,67.89,32.29,142.05,57.28
2018-09-13,67.83,32.16,142.1,57.64
2018-09-14,,31.88,143.59,57.63
2018-09-17,68.17,31.6,140.68,58.17
2018-09-18,67.48,31.22,138.41,57.9
2018-09-19,68.75,31.9,139.11,57.73
2018-09-20,69.91,32.03,138.27,57.6
2018-09-21,69.14,31.59,136.91,57.11
2018-09-24,69.61,31.66,137.21,57.15
2018-09-25,69.59,32.01,138.97,56.52
2018-09-26,70.08,31.9,139.47,56.23
2018-09-27,70.6,32.19,141.33,56.15
2018-09-28,71.67,32.76,142.63,55.58
2018-10-01,72.28,32.76,141.96,55.6
2018-10-02,73.88,32.85,143.37,55.35
2018-10-03,74.2,32.6,144.71,54.87
2018-10-04,74.34,33.03,147.02,55.03
2018-10-05,73.41,32.44,146.12,54.81
2018-10-08,75.27,33.23,145.63,55.51
2018-10-09,75.82,33.42,143.57,55.36
2018-10-10,76.31,33.76,143.74,54.63
2018-10-11,74.52,33.38,139.09,54.46
2018-10-12,73.37,32.88,140.93,55.18
2018-10-15,73.88,33.02,,54.73
2018-10-16,74.07,33.31,142.22,54.0
2018-10-17,71.88,32.54,139.06,54.79
2018-10-18,72.44,32.16,141.4,54.38
2018-10-19,71.85,32.17,139.4,54.8
2018-10-22,72.61,32.35,139.18,54.98
2018-10-23,72.7,32.45,138.07,55.13
2018-10-24,,32.88,138.41,56.28
2018-10-25,74.03,33.27,140.29,55.18
2018-10-26,73.1,33.26,141.23,54.94
2018-10-29,72.45,32.99,141.88,55.01
2018-10-30,72.04,,141.74,56.17
2018-10-31,72.5,33.35,143.93,56.92
2018-11-01,71.8,,141.85,57.85
2018-11-02,70.71,32.59,137.92,57.78
2018-11-05,71.65,32.81,137.7,57.25
2018-11-06,71.48,32.93,136.12,56.95
2018-11-07,70.47,32.7,134.97,56.62
2018-11-08,69.4,,132.22,57.77
2018-11-09,69.0,33.01,131.09,57.78
2018-11-12,69.36,33.1,131.92,57.71
2018-11-13,70.3,33.55,134.98,57.92
2018-11-14,69.69,33.63,132.07,57.21
2018-11-15,71.01,33.85,131.71,56.89
2018-11-16,70.58,33.29,130.15,
2018-11-19,69.92,33.41,130.64,56.45
2018-11-20,71.55,33.99,131.6,55.84
2018-11-21,71.19,34.01,130.83,55.47
2018-11-22,70.55,33.84,131.36,55.69
2018-11-23,71.16,33.16,132.52,55.83
2018-11-26,,33.55,133.59,55.44
2018-11-27,73.33,33.83,133.7,55.33
2018-11-28,72.32,33.82,133.42,55.06
2018-11-29,72.43,34.08,133.1,55.4
2018-11-30,72.26,34.28,132.87,55.27
2018-12-03,71.37,34.07,131.43,55.22
2018-12-04,71.64,33.65,132.63,54.84
2018-12-05,71.42,33.82,132.98,54.71
2018-12-06,72.71,34.38,135.31,55.41
2018-12-07,74.1,35.13,138.15,55.13
2018-12-10,74.22,35.63,138.53,54.62
2018-12-11,74.1,35.09,137.68,55.12
2018-12-12,,35.21,139.69,54.75
2018-12-13,75.83,34.82,139.87,55.0
2018-12-14,76.51,35.07,144.09,54.58
2018-12-17,76.12,35.05,144.48,55.22
2018-12-18,75.23,34.67,144.67,55.12
2018-12-19,74.92,34.65,144.29,56.0
2018-12-20,76.91,34.83,145.42,55.18
2018-12-21,77.36,34.5,144.93,55.06
2018-12-24,79.23,34.77,146.82,55.43
2018-12-25,78.28,34.51,147.15,55.61
2018-12-26,78.77,34.27,149.14,56.69
2018-12-27,80.58,35.06,151.79,56.07
2018-12-28,79.0,34.67,150.16,56.41
2018-12-31,77.34,33.84,148.0,57.77
2019-01-01,78.77,34.51,147.2,56.72
2019-01-02,78.37,34.23,148.95,56.05
2019-01-03,78.57,34.52,148.15,55.65
2019-01-04,78.25,34.28,149.09,56.17
2019-01-07,78.14,34.37,149.77,55.31
2019-01-08,77.24,33.92,149.39,55.79
2019-01-09,76.51,33.86,149.08,
2019-01-10,76.18,34.21,148.33,57.01
2019-01-11,75.57,33.78,146.03,57.76
2019-01-14,74.68,33.7,147.98,58.09
2019-01-15,74.72,33.38,147.86,58.87
2019-01-16,73.88,33.13,148.28,59.46
2019-01-17,73.3,32.85,149.99,59.3
2019-01-18,73.64,33.12,149.5,58.66
2019-01-21,73.07,33.02,149.8,58.44
2019-01-22,72.18,33.35,149.65,58.47
2019-01-23,72.23,33.04,147.93,58.56
2019-01-24,71.52,32.46,147.1,57.57
2019-01-25,71.98,32.52,148.6,57.31
2019-01-28,,32.62,149.16,57.03
2019-01-29,73.03,32.12,148.29,57.4
2019-01-30,73.62,32.44,148.49,58.14
2019-01-31,73.06,32.37,151.46,58.28
2019-02-01,73.74,32.37,149.06,57.72
2019-02-04,,32.77,151.24,56.46
2019-02-05,75.9,32.78,151.34,56.7
2019-02-06,73.98,32.66,148.81,56.62
2019-02-07,74.12,32.62,148.82,56.96
2019-02-08,75.6,32.67,150.95,57.42
2019-02-11,76.09,32.81,151.87,56.67
2019-02-12,77.21,33.08,153.09,56.75
2019-02-13,76.25,33.41,154.15,57.55
2019-02-14,75.06,32.81,154.76,58.38
2019-02-15,76.12,33.08,156.19,57.26
2019-02-18,74.6,32.82,153.73,57.18
2019-02-19,74.95,32.62,154.29,56.56
2019-02-20,75.86,32.83,,56.56
2019-02-21,,32.44,153.28,57.16
2019-02-22,73.27,32.2,149.76,56.04
2019-02-25,72.53,31.53,145.88,56.09
2019-02-26,72.22,31.23,145.94,56.51
2019-02-27,71.63,30.51,146.08,56.65
2019-02-28,73.23,31.07,145.6,56.44
2019-03-01,74.54,31.3,148.0,56.05
2019-03-04,,31.42,148.69,55.42
2019-03-05,76.42,31.05,150.86,55.38
2019-03-06,76.85,30.9,151.81,55.32
2019-03-07,75.97,30.53,149.44,55.79
2019-03-08,77.29,30.63,150.93,55.97
2019-03-11,76.56,30.34,150.95,56.23
2019-03-12,76.98,30.73,150.91,56.61
2019-03-13,77.7,31.66,149.83,56.17
2019-03-14,78.12,31.73,150.19,55.4
2019-03-15,77.91,31.97,148.56,55.67
2019-03-18,78.29,31.89,150.62,55.65
2019-03-19,76.08,30.62,147.48,56.47
2019-03-20,76.67,30.63,150.34,55.77
2019-03-21,77.1,30.21,147.1,56.69
2019-03-22,76.34,30.21,147.28,57.06
2019-03-25,77.11,30.23,150.05,56.76
2019-03-26,77.33,29.75,148.68,56.3
2019-03-27,75.72,29.84,147.45,57.07
2019-03-28,75.37,29.68,146.76,56.53
2019-03-29,75.14,29.32,145.84,57.68
2019-04-01,75.27,29.57,146.32,57.33
2019-04-02,76.06,29.45,144.6,58.19
2019-04-03,77.82,30.02,145.36,57.87
2019-04-04,76.52,29.54,145.19,58.92
2019-04-05,76.91,29.47,145.05,58.49
2019-04-08,78.35,29.92,144.74,58.22
2019-04-09,76.91,29.58,144.75,59.01
2019-04-10,77.25,29.82,145.99,59.32
2019-04-11,76.85,29.64,143.99,60.03
2019-04-12,77.18,29.66,141.85,59.84
2019-04-15,76.79,29.59,139.76,60.08
2019-04-16,76.25,29.6,140.4,60.79
2019-04-17,78.29,30.1,142.38,60.0
2019-04-18,77.48,29.4,142.44,60.58
2019-04-19,76.54,29.22,141.01,60.71
2019-04-22,75.81,28.87,138.64,61.1
2019-04-23,77.49,29.26,141.4,60.76
2019-04-24,77.16,29.44,140.25,60.43
2019-04-25,77.21,29.11,140.52,60.29
2019-04-26,76.09,29.39,138.04,60.45
2019-04-29,75.22,,136.5,60.59
2019-04-30,74.78,29.14,137.71,61.5
2019-05-01,76.59,29.75,138.78,61.51
2019-05-02,78.46,29.75,141.11,61.36
2019-05-03,77.88,29.49,137.18,61.12
2019-05-06,78.5,29.76,136.96,60.52
2019-05-07,77.53,29.69,136.07,61.79
2019-05-08,76.03,29.15,137.01,61.61
2019-05-09,77.37,28.93,136.27,61.45
2019-05-10,78.15,28.9,138.17,61.38
2019-05-13,79.16,,140.54,60.98
2019-05-14,79.08,29.3,139.16,
2019-05-15,78.19,29.59,138.52,60.13
2019-05-16,78.89,29.59,139.36,59.67
2019-05-17,79.12,29.67,137.66,59.2
2019-05-20,78.72,29.71,136.73,59.99
2019-05-21,77.03,29.07,137.17,60.33
2019-05-22,77.21,29.48,138.0,60.02
2019-05-23,79.0,29.81,138.7,59.84
2019-05-24,77.77,29.59,137.88,60.45
2019-05-27,78.51,29.71,139.24,60.12
2019-05-28,79.63,29.97,140.62,60.53
2019-05-29,80.16,30.58,140.49,59.68
2019-05-30,81.76,30.81,143.43,60.12
2019-05-31,81.11,31.04,144.75,60.26
2019-06-03,80.29,30.42,144.35,60.58
2019-06-04,80.1,30.46,142.7,60.31
2019-06-05,81.11,,142.03,59.45
2019-06-06,80.58,30.43,141.13,58.68
2019-06-07,79.69,30.29,140.65,58.42
2019-06-10,78.02,29.78,136.7,59.11
2019-06-11,80.06,30.08,138.85,58.22
2019-06-12,80.87,30.42,141.37,57.24
2019-06-13,81.52,30.68,,56.61
2019-06-14,82.39,30.96,142.75,56.22
2019-06-17,83.4,31.12,142.14,55.92
2019-06-18,83.69,31.03,142.38,55.9
2019-06-19,83.28,30.9,142.04,56.45
2019-06-20,82.6,30.82,142.33,57.17
2019-06-21,85.44,31.45,145.49,57.66
2019-06-24,86.7,32.31,147.6,56.7
2019-06-25,86.74,31.81,145.55,56.36
2019-06-26,86.71,31.81,146.31,56.61
2019-06-27,85.57,31.38,144.92,56.58
2019-06-28,86.75,32.37,146.11,56.71
2019-07-01,85.98,31.84,,56.94
2019-07-02,87.22,32.11,148.72,57.65
2019-07-03,87.74,32.51,151.8,57.96
2019-07-04,87.46,32.73,152.83,58.43
2019-07-05,,33.09,152.77,58.19
2019-07-08,87.39,33.42,152.42,58.13
2019-07-09,87.63,33.29,149.77,57.98
2019-07-10,87.24,33.17,151.28,57.31
2019-07-11,87.31,32.55,150.41,58.17
2019-07-12,88.12,33.05,152.55,58.24
2019-07-15,88.56,32.81,153.51,58.08
2019-07-16,87.62,32.52,150.92,58.93
2019-07-17,87.42,31.94,149.09,58.7
2019-07-18,88.02,32.39,152.44,57.5
2019-07-19,88.77,32.17,153.53,57.88
2019-07-22,89.5,32.39,153.18,57.1
2019-07-23,89.77,32.0,152.77,57.04
2019-07-24,89.7,31.97,155.0,57.03
2019-07-25,89.05,32.07,,57.35
2019-07-26,88.32,32.15,153.39,
2019-07-29,89.61,32.76,156.85,57.94
2019-07-30,90.93,33.46,159.23,58.03
2019-07-31,90.47,32.95,158.07,57.82
2019-08-01,89.34,33.08,155.43,58.15
2019-08-02,89.9,32.74,157.2,57.34
2019-08-05,92.43,33.49,159.62,57.79
2019-08-06,89.62,32.76,155.53,57.45
2019-08-07,90.22,32.61,155.46,57.21
2019-08-08,89.2,32.35,159.1,56.81
2019-08-09,88.43,32.4,158.54,56.56
2019-08-12,87.54,32.54,157.05,56.64
2019-08-13,87.54,32.47,155.11,56.45
2019-08-14,86.49,32.34,157.4,57.14
2019-08-15,86.44,32.49,158.77,57.25
2019-08-16,85.9,32.41,160.53,57.11
2019-08-19,84.73,32.11,159.54,57.34
2019-08-20,85.29,32.41,162.34,57.81
2019-08-21,85.79,32.87,161.72,58.12
2019-08-22,86.73,32.72,162.83,57.35
2019-08-23,85.6,32.21,161.82,57.31
2019-08-26,86.92,31.96,164.39,57.49
2019-08-27,87.0,32.24,165.61,57.52
2019-08-28,86.09,32.35,163.59,57.19
2019-08-29,85.66,32.24,163.73,57.57
2019-08-30,86.0,32.25,160.92,57.13
2019-09-02,87.54,33.03,159.0,57.42
2019-09-03,89.31,33.1,162.21,57.29
2019-09-04,87.31,32.45,160.02,57.04
2019-09-05,89.96,33.34,162.03,56.26
2019-09-06,89.14,32.3,162.52,56.16
2019-09-09,90.45,32.36,165.8,56.04
2019-09-10,91.53,32.96,167.69,55.74
2019-09-11,89.87,32.92,169.96,55.36
2019-09-12,90.76,33.18,171.35,54.57
2019-09-13,90.65,33.39,171.78,54.85
2019-09-16,91.81,33.63,172.79,54.88
2019-09-17,91.77,33.86,170.85,54.88
2019-09-18,92.38,34.18,173.76,54.77
2019-09-19,92.48,34.24,169.66,54.45
2019-09-20,92.92,34.02,168.53,54.57
2019-09-23,94.25,34.74,169.7,55.6
2019-09-24,94.84,35.37,168.98,56.07
2019-09-25,95.29,36.02,168.98,55.78
2019-09-26,95.4,35.69,171.46,55.64
2019-09-27,93.75,35.07,172.31,54.43
2019-09-30,92.81,35.25,170.57,55.06
2019-10-01,92.41,35.2,169.17,55.57
2019-10-02,92.45,35.57,167.84,55.14
2019-10-03,,35.73,170.04,54.24
2019-10-04,94.32,35.81,169.49,53.7
2019-10-07,96.41,36.0,167.64,53.63
2019-10-08,98.31,36.67,169.22,53.32
2019-10-09,98.55,37.17,170.24,53.6
2019-10-10,97.09,37.37,171.07,53.8
2019-10-11,98.91,38.16,172.59,53.96
2019-10-14,98.38,37.73,171.91,54.14
2019-10-15,98.8,37.85,175.52,54.52
2019-10-16,98.83,38.38,175.2,53.56
2019-10-17,98.53,37.8,175.55,53.14
2019-10-18,97.02,37.26,173.1,53.24
2019-10-21,98.24,37.93,174.99,53.63
2019-10-22,97.21,37.84,171.68,54.7
2019-10-23,,39.76,174.08,54.01
2019-10-24,99.59,39.12,170.9,53.92
2019-10-25,97.94,38.36,168.61,53.22
2019-10-28,98.7,38.94,171.28,53.53
2019-10-29,100.03,39.14,171.83,52.97
2019-10-30,99.7,39.12,173.17,54.38
2019-10-31,100.73,39.32,176.44,53.9
2019-11-01,99.0,38.96,174.48,55.29
2019-11-04,97.74,38.91,175.54,55.8
2019-11-05,96.85,38.66,175.36,
2019-11-06,94.44,37.85,173.61,55.99
2019-11-07,94.61,38.27,175.07,56.35
2019-11-08,92.78,38.69,175.96,56.68
2019-11-11,91.72,38.43,173.49,57.38
2019-11-12,91.52,38.27,171.3,57.91
2019-11-13,91.51,37.58,168.75,58.39
2019-11-14,91.65,37.54,170.87,58.29
2019-11-15,91.56,37.6,,57.61
2019-11-18,92.24,37.77,173.18,57.38
2019-11-19,92.99,38.04,170.31,57.31
2019-11-20,93.2,39.02,170.35,56.12
2019-11-21,93.13,39.42,,56.2
2019-11-22,93.24,39.5,171.53,56.08
2019-11-25,94.21,39.32,172.4,55.33
2019-11-26,94.56,39.81,171.67,55.13
2019-11-27,93.86,39.65,173.03,55.05
2019-11-28,93.79,38.99,173.31,56.07
2019-11-29,93.24,38.92,173.5,56.34
2019-12-02,93.38,,174.24,56.78
2019-12-03,93.07,38.62,,56.73
2019-12-04,91.34,38.13,175.22,55.91
2019-12-05,90.15,37.87,172.94,56.38
2019-12-06,88.55,37.66,172.35,56.29
2019-12-09,89.66,37.87,174.77,55.92
2019-12-10,89.35,37.65,176.91,55.37
2019-12-11,88.23,37.57,176.76,55.57
2019-12-12,88.57,37.73,175.94,55.94
2019-12-13,88.08,37.7,173.96,56.52
2019-12-16,86.81,36.87,171.77,57.62
2019-12-17,88.09,36.85,173.18,58.3
2019-12-18,87.55,36.89,172.44,57.34
2019-12-19,86.48,36.83,170.12,56.81
2019-12-20,86.28,37.12,168.28,55.88
2019-12-23,87.32,37.38,165.94,55.96
2019-12-24,87.19,37.16,160.89,55.6
2019-12-25,86.0,37.15,159.55,55.6
2019-12-26,87.21,36.9,163.85,55.37
2019-12-27,87.09,37.1,166.36,55.66
2019-12-30,88.67,38.19,166.64,54.54
2019-12-31,89.0,38.47,166.92,53.92
2020-01-01,86.94,37.45,162.32,54.35
2020-01-02,86.99,37.34,160.58,54.87
2020-01-03,89.45,37.99,160.55,54.47
2020-01-06,91.11,38.18,161.74,53.77
2020-01-07,92.51,38.57,163.25,52.39
2020-01-08,91.62,38.4,162.69,53.03
2020-01-09,92.76,38.95,164.69,52.5
2020-01-10,91.88,38.37,163.45,
2020-01-13,92.14,38.67,163.76,51.25
2020-01-14,90.44,38.35,160.77,50.82
2020-01-15,90.05,38.58,158.03,50.49
2020-01-16,89.33,38.52,155.08,50.5
2020-01-17,90.4,,156.95,49.79
2020-01-20,91.46,39.66,157.2,49.72
2020-01-21,91.27,40.08,154.57,49.56
2020-01-22,89.43,39.17,153.24,50.8
2020-01-23,88.14,39.03,151.08,50.08
2020-01-24,87.63,38.74,152.95,50.28
2020-01-27,88.04,39.0,152.88,50.2
2020-01-28,89.38,39.6,155.05,49.52
2020-01-29,90.71,40.21,157.76,49.37
2020-01-30,90.19,40.06,155.58,49.85
2020-01-31,86.78,38.97,153.18,50.38
2020-02-03,84.95,38.1,152.43,51.33
2020-02-04,87.17,38.97,153.94,50.08
2020-02-05,87.52,38.94,154.15,49.76
2020-02-06,87.19,38.36,151.45,50.56
2020-02-07,89.1,38.92,153.82,50.67
2020-02-10,90.04,38.86,154.27,50.68
2020-02-11,90.42,38.89,154.85,51.24
2020-02-12,90.06,38.72,156.03,50.41
2020-02-13,90.19,38.51,156.98,50.8
2020-02-14,90.18,39.09,157.77,51.24
2020-02-17,91.88,39.34,160.34,50.64
2020-02-18,92.45,,161.88,51.77
2020-02-19,93.4,40.73,165.06,51.72
2020-02-20,94.98,41.55,166.19,50.49
2020-02-21,93.42,41.09,165.32,50.87
2020-02-24,93.66,41.03,167.66,50.4
2020-02-25,94.12,40.48,166.57,50.98
2020-02-26,92.49,39.39,161.92,51.7
2020-02-27,90.39,38.39,160.68,51.81
2020-02-28,88.73,37.81,159.39,52.7
2020-03-02,88.98,,158.01,53.04
2020-03-03,89.36,37.93,158.93,52.62
2020-03-04,90.18,38.15,161.43,52.51
2020-03-05,91.79,38.5,160.71,
2020-03-06,90.37,37.84,161.16,52.45
2020-03-09,90.46,37.79,157.12,52.29
2020-03-10,91.21,37.85,156.8,52.25
2020-03-11,90.28,38.15,159.03,51.88
2020-03-12,89.63,38.24,158.56,50.84
2020-03-13,88.23,37.18,157.21,51.24
2020-03-16,90.27,37.82,159.78,50.07
2020-03-17,89.52,37.75,156.45,49.74
2020-03-18,91.95,38.46,158.5,48.59
2020-03-19,91.72,38.09,158.6,47.88
2020-03-20,92.49,39.02,162.6,47.88
2020-03-23,92.94,38.68,160.58,47.79
2020-03-24,93.11,38.88,159.96,47.68
2020-03-25,92.72,38.74,157.95,47.21
2020-03-26,93.58,38.98,156.46,46.91
2020-03-27,93.47,39.64,158.56,47.01
2020-03-30,92.37,39.53,157.88,47.12
2020-03-31,92.33,39.32,156.92,47.49
2020-04-01,91.42,39.45,155.56,48.0
2020-04-02,94.38,40.13,156.86,47.49
2020-04-03,94.22,40.16,156.05,46.72
2020-04-06,95.53,40.35,155.55,46.14
2020-04-07,95.37,39.95,154.99,46.13
2020-04-08,95.78,40.08,154.7,45.76
2020-04-09,94.74,39.7,152.34,45.54
2020-04-10,,39.0,152.19,45.64
2020-04-13,94.93,39.25,152.77,46.61
2020-04-14,96.94,39.6,153.4,46.13
2020-04-15,97.14,40.1,153.41,46.09
2020-04-16,,40.53,158.09,45.32
2020-04-17,99.37,40.43,162.12,45.72
2020-04-20,101.2,41.1,162.02,45.81
2020-04-21,102.01,40.79,160.51,46.15
2020-04-22,105.72,42.17,161.14,46.31
2020-04-23,105.47,41.98,162.4,46.21
2020-04-24,104.73,41.63,161.04,46.21
2020-04-27,103.21,41.36,160.28,47.13
2020-04-28,105.5,41.97,165.84,46.99
2020-04-29,106.46,41.87,166.67,45.93
2020-04-30,106.12,41.89,167.54,46.16
2020-05-01,107.88,42.03,169.7,45.71
2020-05-04,109.06,41.95,169.43,45.97
2020-05-05,112.21,43.05,173.29,45.81
2020-05-06,109.8,42.6,170.26,45.34
2020-05-07,109.11,42.08,172.31,45.49
2020-05-08,109.33,41.69,170.85,45.65
2020-05-11,107.22,40.63,168.06,46.12
2020-05-12,108.41,41.64,167.33,
2020-05-13,108.03,41.84,165.54,46.85
2020-05-14,108.97,42.01,165.6,46.89
2020-05-15,112.15,43.18,163.95,46.5
2020-05-18,111.98,42.58,163.24,47.04
2020-05-19,112.87,42.19,162.03,48.07
2020-05-20,113.17,42.29,163.46,48.44
2020-05-21,114.93,42.85,165.15,48.35
2020-05-22,113.23,42.6,163.45,48.64
2020-05-25,112.14,42.43,162.12,48.86
2020-05-26,114.3,42.9,162.79,48.67
2020-05-27,115.09,43.01,165.63,49.56
2020-05-28,109.9,42.09,162.29,49.59
2020-05-29,108.69,41.46,159.97,50.32
2020-06-01,111.77,42.15,159.63,49.99
2020-06-02,111.22,42.47,157.69,49.25
2020-06-03,111.09,42.23,157.47,49.3
2020-06-04,109.37,41.78,157.66,49.08
2020-06-05,,41.46,,49.33
2020-06-08,110.93,41.9,162.14,49.24
2020-06-09,107.9,41.86,164.75,49.02
2020-06-10,107.08,41.58,163.82,49.82
2020-06-11,108.09,41.56,163.69,50.26
2020-06-12,108.19,41.61,161.5,50.99
2020-06-15,109.28,41.47,163.21,50.99
2020-06-16,107.49,41.42,162.23,51.2
2020-06-17,106.99,41.64,163.67,51.45
2020-06-18,108.81,41.86,162.9,50.98
2020-06-19,110.44,42.01,163.98,50.95
2020-06-22,111.28,41.9,164.48,50.84
2020-06-23,,42.31,164.63,50.18
2020-06-24,108.2,41.92,162.72,50.39
2020-06-25,107.68,41.95,164.62,50.2
2020-06-26,108.49,42.67,169.33,49.86
2020-06-29,108.39,42.38,167.37,50.04
2020-06-30,107.48,42.09,167.7,50.77
2020-07-01,106.12,42.0,162.49,50.47
2020-07-02,106.82,41.57,163.8,50.28
2020-07-03,106.7,41.51,160.43,49.99
2020-07-06,107.06,41.7,160.08,49.53
2020-07-07,107.67,41.96,158.51,49.17
2020-07-08,107.8,42.35,159.04,48.92
2020-07-09,109.51,43.03,161.78,48.92
2020-07-10,110.87,43.92,159.78,48.89
2020-07-13,109.76,43.13,158.34,48.58
2020-07-14,108.81,42.65,156.7,49.31
2020-07-15,108.88,42.86,159.15,49.74
2020-07-16,108.18,42.85,159.43,49.41
2020-07-17,106.9,42.55,156.52,50.16
2020-07-20,106.9,43.32,155.39,50.38
2020-07-21,106.27,43.35,157.4,50.39
2020-07-22,105.62,43.47,157.92,50.67
2020-07-23,105.15,43.24,156.2,50.71
2020-07-24,106.34,43.4,156.91,50.74
2020-07-27,106.9,43.38,156.76,50.79
2020-07-28,109.85,44.69,158.27,50.18
2020-07-29,110.32,44.92,155.77,49.24
2020-07-30,109.98,44.95,154.47,49.52
2020-07-31,109.86,44.89,156.66,49.35
2020-08-03,110.05,44.87,156.33,49.65
2020-08-04,110.38,45.01,156.6,49.78
2020-08-05,112.27,46.19,158.81,49.25
2020-08-06,111.38,46.14,161.57,49.85
2020-08-07,112.7,46.16,162.44,49.79
2020-08-10,113.49,46.54,164.46,49.82
2020-08-11,111.11,45.62,161.97,50.03
2020-08-12,113.25,46.14,162.32,50.65
2020-08-13,,46.65,163.61,50.09
2020-08-14,113.16,46.86,161.54,50.1
2020-08-17,112.62,46.71,161.22,49.54
2020-08-18,109.4,46.02,161.01,50.17
2020-08-19,108.62,45.7,158.55,50.13
2020-08-20,110.78,45.85,159.57,49.73
2020-08-21,110.53,45.63,160.28,49.58
2020-08-24,108.61,45.06,157.94,49.8
2020-08-25,,44.99,159.92,49.19
2020-08-26,109.09,44.61,159.56,48.3
2020-08-27,108.36,44.82,158.87,
2020-08-28,110.15,44.94,156.43,47.53
2020-08-31,109.01,44.65,154.79,48.09
2020-09-01,109.06,44.39,,48.93
2020-09-02,109.43,43.97,157.43,48.82
2020-09-03,110.53,44.57,159.28,49.22
2020-09-04,111.87,44.61,162.31,48.99
2020-09-07,110.0,44.56,159.74,49.81
2020-09-08,111.12,44.79,160.46,49.44
2020-09-09,110.74,44.47,161.7,48.53
2020-09-10,113.57,44.8,162.06,48.17
2020-09-11,112.08,44.37,162.55,49.11
2020-09-14,113.35,45.28,165.08,49.11
2020-09-15,112.62,44.72,164.9,48.99
2020-09-16,116.0,45.38,166.39,48.78
2020-09-17,117.11,45.82,165.36,49.1
2020-09-18,115.82,45.56,167.33,49.24
2020-09-21,114.68,44.47,167.89,50.5
2020-09-22,116.29,45.54,169.28,50.12
2020-09-23,115.98,46.21,169.67,50.38
2020-09-24,116.14,46.45,169.69,50.74
2020-09-25,117.74,46.43,170.04,50.41
2020-09-28,117.95,46.09,171.53,50.07
2020-09-29,118.03,46.41,172.95,50.5
2020-09-30,116.25,45.64,170.3,50.8
2020-10-01,114.89,45.49,167.03,51.1
2020-10-02,115.84,45.53,167.43,50.31
2020-10-05,117.86,46.16,165.76,50.38
2020-10-06,120.3,46.6,166.86,50.21
2020-10-07,121.95,47.29,166.82,50.04
2020-10-08,122.42,46.98,167.96,50.15
2020-10-09,125.54,48.19,172.12,49.82
2020-10-12,124.67,48.76,168.15,49.67
2020-10-13,124.6,49.34,171.89,49.59
2020-10-14,122.36,49.47,170.67,49.52
2020-10-15,120.25,48.86,170.01,50.73
2020-10-16,121.46,49.48,167.98,51.08
2020-10-19,120.96,49.55,169.88,50.6
2020-10-20,120.69,49.27,170.68,51.4
2020-10-21,121.54,50.14,171.16,
2020-10-22,122.77,50.73,168.14,51.06
2020-10-23,123.65,51.0,168.86,51.37
2020-10-26,123.42,50.49,170.27,50.47
2020-10-27,122.92,50.47,170.32,50.28
2020-10-28,122.17,49.4,171.61,50.15
2020-10-29,123.15,49.97,173.97,50.17
2020-10-30,123.08,49.66,173.58,50.21
2020-11-02,122.83,49.47,175.69,50.29
2020-11-03,123.41,49.17,175.85,50.22
2020-11-04,123.23,48.33,175.31,50.82
2020-11-05,122.84,48.19,174.96,51.05
2020-11-06,121.63,47.56,173.93,51.27
2020-11-09,123.85,48.48,170.73,51.1
2020-11-10,126.03,,171.53,51.75
2020-11-11,125.73,48.46,169.78,51.72
2020-11-12,127.82,48.46,174.64,51.11
2020-11-13,127.1,47.55,177.26,50.27
2020-11-16,131.76,49.67,182.09,49.08
2020-11-17,131.7,50.41,181.43,48.91
2020-11-18,132.36,50.58,179.91,48.82
2020-11-19,132.5,50.07,,48.64
2020-11-20,133.9,50.14,182.27,48.72
2020-11-23,134.71,50.91,181.95,48.32
2020-11-24,134.72,50.66,177.62,47.94
2020-11-25,137.08,51.64,181.41,47.9
2020-11-26,137.39,51.77,184.44,48.45
2020-11-27,138.1,51.68,187.86,47.91
2020-11-30,134.33,51.03,188.82,
2020-12-01,136.69,51.37,,47.28
2020-12-02,136.9,50.91,191.58,46.67
2020-12-03,135.54,50.81,186.99,46.52
2020-12-04,135.62,50.26,186.2,47.13
2020-12-07,139.84,51.63,190.42,46.35
2020-12-08,139.53,52.08,,46.05
2020-12-09,136.82,51.3,187.93,46.3
2020-12-10,136.85,51.35,185.37,46.43
2020-12-11,136.73,50.61,183.5,46.11
2020-12-14,137.78,50.69,187.54,46.84
2020-12-15,139.57,50.99,191.76,46.63
2020-12-16,141.17,52.13,192.56,46.56
2020-12-17,140.08,51.01,192.39,46.5
2020-12-18,141.48,51.15,190.93,46.62
2020-12-21,141.83,51.33,191.18,47.29
2020-12-22,141.05,50.72,193.88,48.1
2020-12-23,139.63,50.2,189.92,47.93
2020-12-24,137.81,49.78,189.47,48.61
2020-12-25,140.54,50.37,191.75,48.66
2020-12-28,141.32,51.36,193.59,48.96
2020-12-29,142.83,52.04,197.98,48.74
2020-12-30,141.85,52.63,202.13,48.65
2020-12-31,142.38,52.88,202.63,48.92
2021-01-01,139.08,51.7,201.89,49.65
2021-01-04,140.53,52.05,203.14,50.2
2021-01-05,142.12,51.67,202.1,50.25
2021-01-06,143.62,52.2,203.44,50.08
2021-01-07,143.67,52.24,205.31,48.92
2021-01-08,141.5,,204.57,48.38
2021-01-11,139.98,50.96,200.99,48.46
2021-01-12,139.62,50.16,199.24,48.1
2021-01-13,140.63,50.76,199.04,48.36
2021-01-14,141.53,50.92,198.22,47.67
2021-01-15,140.05,50.73,197.24,47.68
2021-01-18,137.77,50.11,196.94,47.65
2021-01-19,136.89,50.03,198.05,48.29
2021-01-20,137.9,49.94,195.96,48.08
2021-01-21,135.84,49.6,193.28,48.51
2021-01-22,133.07,48.98,194.67,48.84
2021-01-25,132.07,47.96,193.42,49.38
2021-01-26,131.94,48.41,193.61,49.74
2021-01-27,129.22,47.84,191.93,49.93
2021-01-28,129.53,48.1,194.01,49.19
2021-01-29,131.96,48.87,197.58,48.9
2021-02-01,129.75,47.98,198.27,49.12
2021-02-02,129.23,47.54,198.11,49.27
2021-02-03,130.24,48.28,197.63,48.76
2021-02-04,129.53,47.98,200.99,49.34
2021-02-05,128.31,48.09,202.06,49.44
2021-02-08,129.5,48.57,202.57,48.82
2021-02-09,130.29,48.84,205.13,48.67
2021-02-10,132.38,49.54,205.42,49.32
2021-02-11,133.48,49.87,208.91,49.54
2021-02-12,133.56,49.57,211.62,50.06
2021-02-15,134.89,49.9,210.31,49.51
2021-02-16,135.18,50.55,211.98,49.14
2021-02-17,137.07,,214.99,48.66
2021-02-18,136.03,51.0,219.99,48.83
2021-02-19,136.43,51.05,218.45,48.74
2021-02-22,136.61,51.08,221.56,48.53
2021-02-23,137.55,52.15,222.57,48.25
2021-02-24,135.0,52.15,218.5,48.08
2021-02-25,136.8,52.71,219.61,47.82
2021-02-26,137.47,53.05,220.27,48.22
2021-03-01,134.08,52.1,216.26,47.78
2021-03-02,136.43,52.65,218.55,47.72
2021-03-03,140.86,53.94,223.66,47.93
2021-03-04,144.42,54.85,225.58,47.67
2021-03-05,146.67,55.95,226.33,47.2
2021-03-08,146.47,55.51,226.14,47.57
2021-03-09,142.82,55.08,223.92,47.43
2021-03-10,139.89,54.09,221.97,47.73
2021-03-11,140.5,53.8,224.83,47.24
2021-03-12,138.98,54.09,224.67,46.55
2021-03-15,137.38,54.26,220.37,46.63
2021-03-16,135.97,54.35,219.08,46.11
2021-03-17,137.66,55.0,220.29,46.0
2021-03-18,134.8,54.59,220.88,46.7
2021-03-19,134.09,54.97,223.2,47.56
2021-03-22,135.61,56.12,229.29,47.34
2021-03-23,133.52,54.97,228.15,47.96
2021-03-24,134.78,56.34,231.14,47.98
2021-03-25,134.03,56.57,227.17,47.89
2021-03-26,135.27,56.65,228.93,46.97
2021-03-29,138.1,56.8,228.02,47.47
2021-03-30,139.88,57.45,228.92,46.9
2021-03-31,142.14,57.83,237.29,47.32
2021-04-01,141.25,57.36,236.41,47.75
2021-04-02,143.6,58.34,235.98,47.13
2021-04-05,142.16,57.62,235.77,47.41
2021-04-06,143.37,57.26,234.96,48.28
2021-04-07,144.63,57.59,233.11,48.9
2021-04-08,145.99,57.63,238.79,48.59
2021-04-09,145.56,57.9,241.88,48.21
2021-04-12,143.53,56.83,241.53,48.4
2021-04-13,141.08,56.0,238.68,48.56
2021-04-14,143.16,56.81,239.22,48.93
2021-04-15,143.51,57.2,243.25,49.22
2021-04-16,146.37,57.48,245.72,48.27
2021-04-19,147.31,56.94,238.23,48.47
2021-04-20,145.76,56.2,242.06,48.63
2021-04-21,148.39,56.99,243.95,48.48
2021-04-22,147.01,56.99,244.28,48.65
2021-04-23,148.02,56.95,247.49,49.11
2021-04-26,146.47,56.75,247.72,49.65
2021-04-27,148.21,58.36,252.09,49.02
2021-04-28,146.49,57.98,249.74,49.15
2021-04-29,146.91,57.06,246.23,49.01
2021-04-30,147.49,57.22,247.12,48.25
2021-05-03,147.09,57.57,249.08,48.38
2021-05-04,147.85,57.18,248.0,49.13
2021-05-05,152.64,58.1,248.63,48.1
2021-05-06,151.92,57.73,250.98,48.17
2021-05-07,152.71,58.01,250.47,48.07
2021-05-10,146.85,56.6,245.4,48.67
2021-05-11,147.64,57.11,244.46,48.25
2021-05-12,146.77,56.99,243.88,47.69
2021-05-13,144.91,57.14,238.93,47.23
2021-05-14,147.79,57.7,239.23,47.61
2021-05-17,148.11,57.37,239.35,47.24
2021-05-18,148.68,56.98,239.67,47.06
2021-05-19,147.78,55.97,241.95,48.02
2021-05-20,144.43,55.08,243.66,48.03
2021-05-21,142.48,55.4,245.73,48.37
2021-05-24,144.74,56.14,249.46,48.66
2021-05-25,142.26,55.33,245.99,49.48
2021-05-26,141.26,54.75,243.38,49.02
2021-05-27,142.03,54.45,242.88,48.77
2021-05-28,145.73,55.82,246.91,48.59
2021-05-31,146.95,57.16,250.14,49.3
2021-06-01,146.62,57.55,250.9,49.06
2021-06-02,150.25,58.67,252.6,48.61
2021-06-03,150.46,58.28,253.51,48.92
2021-06-04,153.25,58.96,258.32,49.01
2021-06-07,150.83,57.86,258.53,49.55
2021-06-08,152.67,57.8,260.15,48.98
2021-06-09,152.41,57.07,,48.81
2021-06-10,151.85,56.55,253.67,49.08
2021-06-11,151.83,56.31,251.66,49.68
2021-06-14,152.73,55.82,252.77,49.52
2021-06-15,151.91,55.55,253.37,
2021-06-16,152.72,55.71,250.68,49.03
2021-06-17,151.58,54.9,248.58,49.96
2021-06-18,152.86,55.08,250.16,49.92
2021-06-21,155.05,55.18,248.61,50.32
2021-06-22,154.79,54.89,249.64,50.34
2021-06-23,154.06,55.08,248.25,50.45
2021-06-24,153.72,54.34,246.72,49.74
2021-06-25,155.34,53.78,247.71,48.69
2021-06-28,160.37,,251.82,48.87
2021-06-29,163.56,55.42,251.14,48.74
2021-06-30,165.71,56.14,252.04,48.65
2021-07-01,172.51,57.59,257.99,47.57
2021-07-02,173.5,57.47,256.87,47.1
2021-07-05,175.03,57.75,253.42,47.46
2021-07-06,176.84,57.95,250.65,48.08
2021-07-07,174.82,58.12,248.13,47.99
2021-07-08,174.06,57.74,244.27,48.35
2021-07-09,173.45,57.45,242.72,48.52
2021-07-12,174.6,58.98,247.79,48.35
2021-07-13,174.08,58.8,244.18,49.19
2021-07-14,175.91,59.15,243.73,48.96
2021-07-15,,60.1,250.65,49.31
2021-07-16,181.55,60.97,253.02,49.32
2021-07-19,180.11,61.03,251.89,49.34
2021-07-20,177.87,60.75,250.52,50.07
2021-07-21,180.27,61.48,253.35,49.99
2021-07-22,182.83,61.67,258.93,49.8
2021-07-23,179.92,60.9,255.12,50.71
2021-07-26,179.45,61.72,252.76,51.34
2021-07-27,180.34,62.44,249.58,51.86
2021-07-28,181.46,63.07,251.05,49.93
2021-07-29,183.28,64.08,248.94,49.96
2021-07-30,183.95,63.82,248.25,50.0
2021-08-02,183.84,64.07,246.9,49.88
2021-08-03,182.97,64.61,249.7,50.13
2021-08-04,180.53,64.98,247.47,50.37
2021-08-05,180.71,64.43,248.1,50.72
2021-08-06,181.03,64.21,244.22,50.59
2021-08-09,181.56,65.33,244.53,51.28
2021-08-10,175.93,64.23,238.92,51.99
2021-08-11,173.85,64.94,237.37,52.31
2021-08-12,174.6,65.09,,52.53
2021-08-13,171.66,65.06,244.7,53.13
2021-08-16,172.25,64.77,244.06,53.66
2021-08-17,171.74,65.58,252.77,53.51
2021-08-18,170.3,65.63,,54.19
2021-08-19,166.32,64.09,249.39,54.59
2021-08-20,166.54,63.71,245.12,55.61
2021-08-23,170.85,64.67,245.69,
2021-08-24,172.42,65.67,244.9,55.34
2021-08-25,174.71,65.92,246.72,56.35
2021-08-26,170.16,65.54,244.73,55.58
2021-08-27,170.1,65.99,243.68,55.95
2021-08-30,170.5,65.93,246.77,55.54
2021-08-31,171.03,66.18,245.67,56.45
2021-09-01,,65.89,247.31,56.46
2021-09-02,170.24,64.87,248.02,56.24
2021-09-03,169.2,64.99,244.5,56.09
2021-09-06,171.16,65.28,243.33,55.64
2021-09-07,172.57,65.31,244.7,55.32
2021-09-08,169.76,64.45,245.1,55.31
2021-09-09,170.47,63.71,248.13,55.0
2021-09-10,165.02,62.32,,55.67
2021-09-13,165.41,60.99,242.01,55.98
2021-09-14,165.43,60.21,239.19,55.58
2021-09-15,162.82,58.76,238.55,54.96
2021-09-16,163.12,59.06,238.12,55.07
2021-09-17,163.16,58.2,237.42,55.34
2021-09-20,160.06,56.98,234.04,56.16
2021-09-21,160.87,57.87,235.68,56.39
2021-09-22,159.28,58.14,233.08,57.38
2021-09-23,160.1,57.59,232.0,57.79
2021-09-24,157.66,57.03,231.25,59.47
2021-09-27,158.8,56.61,224.44,61.14
2021-09-28,158.31,55.94,222.74,60.23
2021-09-29,158.62,56.06,220.62,58.99
2021-09-30,158.46,56.7,223.5,58.95
2021-10-01,157.58,56.84,222.21,59.27
2021-10-04,153.67,55.71,218.97,59.55
2021-10-05,150.45,55.25,216.96,60.24
2021-10-06,150.57,53.97,214.95,60.22
2021-10-07,150.44,53.66,214.11,59.84
2021-10-08,149.92,53.01,213.57,59.67
2021-10-11,149.23,53.37,213.5,59.43
2021-10-12,149.2,53.16,212.26,59.93
2021-10-13,147.41,52.62,208.95,59.87
2021-10-14,146.61,52.42,206.24,59.77
2021-10-15,147.19,52.55,206.67,60.03
2021-10-18,147.44,52.96,207.74,59.84
2021-10-19,149.25,54.0,207.15,60.03
2021-10-20,148.79,53.54,207.93,59.68
2021-10-21,148.88,53.69,209.46,59.08
2021-10-22,149.46,54.28,212.08,59.15
2021-10-25,148.74,54.04,212.72,59.36
2021-10-26,146.81,53.77,213.47,59.0
2021-10-27,144.31,53.48,216.2,60.05
2021-10-28,144.63,52.77,214.92,61.21
2021-10-29,142.97,53.0,211.35,61.09
2021-11-01,139.11,51.58,206.02,62.29
2021-11-02,137.99,51.06,208.7,61.14
2021-11-03,136.27,50.18,211.13,61.97
2021-11-04,,51.37,209.95,61.35
2021-11-05,139.33,51.47,209.22,61.76
2021-11-08,135.82,,207.44,61.42
2021-11-09,135.81,50.57,209.7,61.43
2021-11-10,132.19,49.72,204.75,61.39
2021-11-11,130.51,49.37,200.2,61.38
2021-11-12,131.06,49.52,205.11,62.3
2021-11-15,132.67,48.53,206.8,62.05
2021-11-16,130.51,48.24,206.89,63.4
2021-11-17,132.67,48.75,207.8,62.93
2021-11-18,130.82,48.45,206.92,64.12
2021-11-19,128.94,,202.32,
2021-11-22,129.52,48.66,201.51,63.14
2021-11-23,131.54,49.78,203.78,62.46
2021-11-24,133.04,49.59,199.83,63.21
2021-11-25,132.01,49.89,199.21,63.32
2021-11-26,129.31,48.64,195.92,62.62
2021-11-29,126.14,47.27,193.0,62.34
2021-11-30,126.31,47.27,192.11,61.74
2021-12-01,124.74,47.65,189.83,62.33
2021-12-02,123.04,47.22,185.2,63.03
2021-12-03,123.55,47.83,185.57,62.84
2021-12-06,122.94,47.61,185.17,62.5
2021-12-07,124.69,48.46,183.7,62.68
2021-12-08,124.98,48.28,184.0,62.01
2021-12-09,126.47,48.96,184.84,61.99
2021-12-10,127.06,49.06,184.02,62.19
2021-12-13,125.53,49.27,180.0,62.06
2021-12-14,127.41,49.89,182.42,62.04
2021-12-15,126.98,49.15,179.16,62.31
2021-12-16,132.33,50.86,182.35,61.95
2021-12-17,133.23,51.77,181.32,61.12
2021-12-20,133.68,51.73,181.06,61.37
2021-12-21,134.14,51.25,183.76,61.82
2021-12-22,137.02,52.4,186.86,61.57
2021-12-23,138.75,52.67,189.91,61.73
2021-12-24,135.6,51.82,188.74,62.02
2021-12-27,138.47,52.77,191.12,62.2
2021-12-28,139.42,52.42,187.39,62.3
2021-12-29,139.6,52.38,186.95,61.63
2021-12-30,136.59,51.71,185.13,62.37
2021-12-31,136.58,52.6,188.03,61.34
2022-01-03,136.08,52.29,186.38,61.63
2022-01-04,136.25,51.84,187.01,61.39
2022-01-05,136.42,51.22,187.14,61.2
2022-01-06,139.28,52.25,191.55,60.87
2022-01-07,143.27,52.78,193.61,60.05
2022-01-10,143.28,52.17,195.31,60.31
2022-01-11,142.91,52.48,192.11,60.32
2022-01-12,142.02,52.59,188.64,60.06
2022-01-13,143.11,53.01,185.63,60.54
2022-01-14,144.01,52.98,186.76,60.72
2022-01-17,143.26,52.85,187.57,61.15
2022-01-18,145.46,53.62,190.41,61.71
2022-01-19,144.18,53.62,188.54,62.61
2022-01-20,143.4,52.51,187.47,62.94
2022-01-21,140.58,51.63,185.5,63.12
2022-01-24,142.6,52.21,189.02,62.15
2022-01-25,145.63,53.03,194.53,61.83
2022-01-26,146.3,53.42,196.96,62.28
2022-01-27,149.05,54.52,199.39,62.14
2022-01-28,147.96,54.12,201.07,60.42
2022-01-31,149.64,54.92,200.87,60.84
2022-02-01,148.27,54.93,198.99,61.56
2022-02-02,148.38,54.77,198.49,61.43
2022-02-03,150.35,55.1,197.5,61.81
2022-02-04,149.71,53.93,197.31,62.13
2022-02-07,146.53,53.08,193.5,62.05
2022-02-08,143.5,51.86,193.98,63.06
2022-02-09,140.25,51.28,193.46,62.65
2022-02-10,141.68,51.6,196.85,62.5
2022-02-11,145.49,52.93,196.12,61.95
2022-02-14,147.99,54.25,201.55,61.18
2022-02-15,142.84,53.27,196.19,61.76
2022-02-16,146.84,55.01,195.55,62.17
2022-02-17,147.89,55.62,195.46,62.66
2022-02-18,146.71,,196.23,63.41
2022-02-21,145.16,53.86,196.35,
2022-02-22,146.53,54.28,197.19,61.52
2022-02-23,145.93,54.84,196.31,61.48
2022-02-24,143.96,53.76,192.14,61.75
2022-02-25,144.27,53.96,195.07,61.33
2022-02-28,139.9,52.81,194.16,62.87
2022-03-01,138.62,52.52,196.57,62.97
2022-03-02,141.11,53.45,198.74,63.02
2022-03-03,141.69,53.75,193.6,63.57
2022-03-04,,54.01,190.67,63.71
2022-03-07,143.24,54.34,192.61,65.0
2022-03-08,145.13,55.39,193.05,64.22
2022-03-09,146.53,55.5,193.52,63.56
2022-03-10,147.87,55.36,192.43,62.82
2022-03-11,149.46,55.41,195.56,63.46
2022-03-14,151.17,55.82,197.35,63.75
2022-03-15,152.48,56.52,198.69,63.37
2022-03-16,153.44,56.31,197.57,62.85
2022-03-17,152.41,55.98,197.66,63.69
2022-03-18,151.01,55.25,,64.17
2022-03-21,149.3,55.01,192.32,65.21
2022-03-22,148.6,54.67,187.23,65.23
2022-03-23,148.54,54.57,184.62,65.47
2022-03-24,150.76,54.75,185.65,65.3
2022-03-25,152.05,54.5,190.09,64.94
2022-03-28,154.17,55.56,187.85,64.62
2022-03-29,156.36,56.19,186.77,63.68
2022-03-30,155.77,55.75,186.94,64.01
2022-03-31,158.87,56.64,190.99,64.31
2022-04-01,159.49,56.25,191.12,64.93
2022-04-04,161.5,57.64,194.03,
2022-04-05,162.57,58.66,194.14,64.78
2022-04-06,160.14,,191.81,65.96
2022-04-07,160.61,57.44,192.18,66.45
2022-04-08,163.3,59.45,192.85,66.88
2022-04-11,163.35,,194.07,67.8
2022-04-12,165.48,59.66,191.52,67.61
2022-04-13,165.52,60.45,193.89,67.71
2022-04-14,162.61,60.21,192.79,68.43
2022-04-15,163.26,61.15,193.0,67.59
2022-04-18,160.25,60.04,188.3,
2022-04-19,160.7,59.84,,66.6
2022-04-20,,59.91,,66.28
2022-04-21,165.18,60.45,189.32,65.99
2022-04-22,164.41,60.28,189.53,65.21
2022-04-25,165.11,60.69,188.4,65.18
2022-04-26,163.84,60.6,188.31,65.14
2022-04-27,164.56,60.5,185.78,65.82
2022-04-28,166.32,60.47,186.73,66.86
2022-04-29,165.99,60.45,186.64,67.31
2022-05-02,165.94,61.21,187.31,66.87
2022-05-03,165.25,60.77,185.31,67.33
2022-05-04,162.32,60.13,182.95,67.72
2022-05-05,161.31,59.82,182.95,67.79
2022-05-06,163.22,60.75,184.32,66.88
2022-05-09,164.63,60.25,184.24,66.5
2022-05-10,162.06,58.89,186.33,66.71
2022-05-11,158.3,57.67,182.89,67.56
2022-05-12,156.5,56.65,184.78,67.89
2022-05-13,159.4,58.17,184.41,68.62
2022-05-16,160.24,58.25,185.44,69.08
2022-05-17,164.19,58.99,188.25,69.01
2022-05-18,165.23,58.17,187.72,68.73
2022-05-19,167.86,57.6,186.0,67.97
2022-05-20,165.2,56.88,180.94,67.94
2022-05-23,167.92,58.32,180.88,67.28
2022-05-24,166.92,57.82,181.49,65.82
2022-05-25,168.27,58.72,180.51,65.02
2022-05-26,166.12,58.06,179.83,66.15
2022-05-27,164.82,58.19,177.41,66.32
2022-05-30,166.64,58.98,,
2022-05-31,165.85,58.74,175.24,66.28
2022-06-01,166.04,58.66,175.55,65.02
2022-06-02,164.58,59.19,174.42,65.24
2022-06-03,163.19,58.86,171.71,66.15
2022-06-06,167.89,60.31,172.26,65.69
2022-06-07,171.85,60.6,171.76,64.4
2022-06-08,168.93,60.86,168.77,64.33
2022-06-09,169.84,61.34,171.22,64.94
2022-06-10,167.52,61.13,,65.26
2022-06-13,166.02,60.52,165.02,64.7
2022-06-14,168.38,60.89,,65.84
2022-06-15,164.5,59.91,164.89,65.5
2022-06-16,166.45,60.25,164.57,65.13
2022-06-17,165.6,60.58,166.83,64.58
2022-06-20,166.57,60.38,165.22,64.02
2022-06-21,167.9,59.91,166.49,63.66
2022-06-22,169.69,59.45,168.84,63.89
2022-06-23,165.84,58.19,168.78,64.82
2022-06-24,167.27,58.89,167.22,64.42
2022-06-27,169.3,58.43,165.79,63.81
2022-06-28,167.93,57.88,166.51,64.37
2022-06-29,166.1,57.87,165.03,64.7
2022-06-30,168.66,58.62,168.06,64.51
2022-07-01,171.11,59.8,169.06,64.27
2022-07-04,174.12,60.3,170.05,
2022-07-05,171.91,58.35,166.54,64.36
2022-07-06,172.32,58.49,166.05,64.14
2022-07-07,174.17,59.18,165.47,64.56
2022-07-08,173.47,60.4,166.59,65.69
2022-07-11,174.21,61.7,167.56,65.6
2022-07-12,175.06,61.26,168.73,65.51
2022-07-13,175.7,61.06,167.85,65.67
2022-07-14,172.79,59.96,165.72,65.42
2022-07-15,168.63,59.61,164.16,66.32
2022-07-18,170.23,60.31,162.84,66.49
2022-07-19,169.42,60.6,164.81,66.19
2022-07-20,170.81,61.02,165.2,66.59
2022-07-21,168.19,60.93,163.37,66.92
2022-07-22,171.01,61.92,164.79,66.18
2022-07-25,175.13,63.75,166.73,65.89
2022-07-26,175.2,64.05,164.09,66.01
2022-07-27,175.87,63.85,162.32,66.59
2022-07-28,175.41,64.45,164.38,67.01
2022-07-29,179.6,66.16,166.56,66.45
2022-08-01,177.05,65.43,162.8,66.4
2022-08-02,177.41,65.39,163.6,66.35
2022-08-03,176.52,65.5,161.93,66.75
2022-08-04,175.9,66.05,160.02,67.17
2022-08-05,175.2,65.64,158.18,67.36
2022-08-08,178.23,66.37,161.09,66.97
2022-08-09,183.54,,159.69,67.13
2022-08-10,183.82,68.3,158.81,66.61
2022-08-11,183.18,67.79,158.67,68.2
2022-08-12,188.61,70.5,163.64,68.05
2022-08-15,187.64,70.47,164.16,67.46
2022-08-16,184.9,70.4,162.24,67.71
2022-08-17,182.34,70.21,163.02,68.61
2022-08-18,184.76,,162.2,68.05
2022-08-19,187.94,71.54,163.61,66.9
2022-08-22,192.93,72.51,166.83,65.7
2022-08-23,189.21,71.47,164.02,66.34
2022-08-24,193.77,71.63,166.65,64.96
2022-08-25,194.96,72.13,165.89,64.09
2022-08-26,197.12,72.95,,64.21
2022-08-29,194.06,,163.22,64.46
2022-08-30,197.28,72.64,165.24,63.71
2022-08-31,199.2,73.66,165.37,63.24
2022-09-01,198.51,72.98,167.27,62.41
2022-09-02,,73.57,167.87,62.54
2022-09-05,198.55,73.46,169.22,62.25
2022-09-06,198.71,72.04,169.52,62.07
2022-09-07,197.35,72.13,168.86,62.37
2022-09-08,193.09,69.93,168.34,62.63
2022-09-09,195.9,70.46,170.58,62.04
2022-09-12,198.8,70.63,172.65,60.67
2022-09-13,196.9,70.98,168.05,61.02
2022-09-14,197.76,70.58,166.78,60.98
2022-09-15,198.07,69.49,168.86,60.75
2022-09-16,198.25,69.8,167.11,60.11
2022-09-19,196.7,69.17,167.98,60.25
2022-09-20,194.69,67.78,168.3,60.7
2022-09-21,198.08,68.78,168.17,60.52
2022-09-22,197.89,67.66,164.81,61.42
2022-09-23,204.65,68.44,165.9,61.36
2022-09-26,204.67,68.17,169.45,61.28
2022-09-27,202.23,68.02,167.09,61.89
2022-09-28,205.11,69.56,167.02,61.64
2022-09-29,205.38,70.62,166.01,61.52
2022-09-30,206.17,71.04,168.8,62.08
2022-10-03,208.64,70.49,169.63,61.31
2022-10-04,208.26,70.29,167.93,61.46
2022-10-05,207.97,71.05,170.22,62.14
2022-10-06,207.1,71.66,171.06,62.35
2022-10-07,205.23,71.05,168.21,62.43
2022-10-10,206.24,70.22,165.93,61.53
2022-10-11,210.95,70.84,169.24,59.99
2022-10-12,210.72,72.13,169.53,61.06
2022-10-13,206.89,70.42,165.61,61.52
2022-10-14,204.98,68.76,161.19,61.54
2022-10-17,209.43,70.41,161.03,61.36
2022-10-18,208.98,70.12,158.98,60.85
2022-10-19,208.18,69.05,155.18,60.81
2022-10-20,208.6,69.73,153.26,60.35
2022-10-21,204.41,69.02,150.54,59.9
2022-10-24,208.22,,151.15,58.47
2022-10-25,208.27,68.89,153.39,57.71
2022-10-26,210.55,70.97,154.27,57.95
2022-10-27,210.76,,154.08,57.42
2022-10-28,213.28,72.82,156.22,57.4
2022-10-31,212.95,73.54,156.12,57.84
2022-11-01,214.6,73.86,157.57,57.66
2022-11-02,217.05,74.08,158.72,57.35
2022-11-03,218.39,75.41,159.53,57.29
2022-11-04,218.66,76.57,164.38,57.0
2022-11-07,218.17,75.28,165.67,57.66
2022-11-08,222.03,77.03,165.81,58.24
2022-11-09,220.17,76.31,165.55,59.19
2022-11-10,221.49,75.7,164.27,58.05
2022-11-11,221.51,75.89,165.05,57.81
2022-11-14,222.43,75.38,163.21,57.72
2022-11-15,221.76,74.81,161.02,58.05
2022-11-16,220.42,74.58,161.9,57.08
2022-11-17,220.63,74.18,163.39,56.23
2022-11-18,219.93,73.04,162.68,57.21
2022-11-21,219.89,72.47,164.11,56.92
2022-11-22,216.94,72.63,163.67,56.38
2022-11-23,213.33,71.73,162.28,56.16
2022-11-24,215.51,72.88,161.62,56.33
2022-11-25,217.9,73.15,163.44,55.81
2022-11-28,216.99,73.22,165.67,55.82
2022-11-29,219.16,74.68,166.16,55.21
2022-11-30,216.97,72.98,164.07,54.73
2022-12-01,214.18,71.95,165.37,
2022-12-02,218.12,73.77,167.34,55.5
2022-12-05,215.77,72.33,166.44,55.54
2022-12-06,216.03,73.19,167.89,55.15
2022-12-07,215.65,73.06,167.06,56.02
2022-12-08,214.89,73.88,165.8,56.3
2022-12-09,213.4,73.98,165.82,57.0
2022-12-12,213.99,75.17,166.34,56.59
2022-12-13,213.82,75.22,169.59,56.58
2022-12-14,214.33,74.4,170.5,56.87
2022-12-15,211.81,74.93,168.45,56.8
2022-12-16,211.97,74.23,169.98,56.69
2022-12-19,207.77,72.55,169.3,56.63
2022-12-20,206.96,73.2,171.99,56.75
2022-12-21,212.32,76.07,173.84,55.54
2022-12-22,215.97,77.2,175.61,55.55
2022-12-23,218.98,78.37,176.22,55.56
2022-12-26,218.21,77.09,176.26,55.47
2022-12-27,214.93,75.38,172.71,56.08
2022-12-28,210.85,,172.36,56.16
2022-12-29,213.94,74.73,174.45,55.56
2022-12-30,210.84,73.27,,55.98
2023-01-02,210.18,72.06,175.17,56.42
2023-01-03,212.04,72.26,174.3,56.19
2023-01-04,207.58,72.15,174.59,56.1
2023-01-05,204.25,71.24,171.97,56.25
2023-01-06,205.49,71.54,173.81,55.98
2023-01-09,201.89,71.26,174.8,56.93
2023-01-10,200.73,70.65,176.25,57.24
2023-01-11,,69.52,176.11,57.4
2023-01-12,201.54,70.21,175.83,56.81
2023-01-13,201.59,70.41,175.81,57.23
2023-01-16,203.0,70.81,176.32,56.95
2023-01-17,206.52,71.42,175.99,
2023-01-18,206.17,70.67,178.22,56.91
2023-01-19,205.0,70.89,178.99,57.16
2023-01-20,205.27,71.23,177.93,55.78
2023-01-23,208.0,71.43,182.06,55.57
2023-01-24,206.28,71.18,,55.65
2023-01-25,206.28,70.86,180.24,55.46
2023-01-26,204.52,70.84,177.94,55.69
2023-01-27,201.97,69.49,179.7,54.96
2023-01-30,204.19,69.46,183.89,53.42
2023-01-31,207.99,69.59,186.28,52.87
2023-02-01,209.07,70.82,189.3,52.91
2023-02-02,209.38,71.63,191.96,51.34
2023-02-03,210.63,70.75,193.12,50.94
2023-02-06,212.71,72.01,194.6,49.93
2023-02-07,216.73,73.47,196.78,49.65
2023-02-08,219.36,73.44,199.35,50.37
2023-02-09,218.89,71.92,197.79,50.28
2023-02-10,220.65,72.86,200.94,49.98
2023-02-13,219.54,73.7,204.2,50.31
2023-02-14,219.26,75.11,204.58,50.2
2023-02-15,220.48,74.81,204.32,50.05
2023-02-16,219.7,76.07,205.63,50.42
2023-02-17,219.21,74.21,203.43,50.76
2023-02-20,221.16,74.51,201.64,50.76
2023-02-21,228.63,76.34,207.52,
2023-02-22,226.72,76.79,206.15,50.09
2023-02-23,227.68,77.66,206.31,50.48
2023-02-24,225.63,77.94,204.53,50.41
2023-02-27,,76.76,206.59,51.05
2023-02-28,228.87,78.47,210.33,50.29
2023-03-01,227.5,78.3,209.01,51.06
2023-03-02,226.02,76.93,206.0,51.36
2023-03-03,222.53,74.54,203.37,51.2
2023-03-06,220.59,74.63,,51.57
2023-03-07,216.6,73.33,201.97,51.59
2023-03-08,217.42,73.04,202.99,51.48
2023-03-09,227.26,74.92,206.9,50.74
2023-03-10,225.67,74.9,208.05,50.74
2023-03-13,223.0,73.68,205.92,51.47
2023-03-14,225.27,73.42,208.0,51.54
2023-03-15,224.29,74.03,,
2023-03-16,228.72,75.58,212.08,50.42
2023-03-17,229.33,75.19,211.15,50.59
2023-03-20,226.71,74.58,210.81,50.86
2023-03-21,227.51,,211.81,50.58
2023-03-22,231.79,,211.94,51.16
2023-03-23,230.93,74.62,211.7,51.58
2023-03-24,229.66,73.5,211.09,51.37
2023-03-27,228.59,73.33,208.95,51.07
2023-03-28,224.8,71.79,208.31,51.2
2023-03-29,227.88,71.44,205.42,50.97
2023-03-30,222.0,71.17,206.85,51.87
2023-03-31,219.85,70.92,207.98,52.42
2023-04-03,223.72,71.57,210.3,52.28
2023-04-04,225.31,70.65,207.08,52.54
2023-04-05,229.4,70.73,206.21,
2023-04-06,228.77,70.96,209.04,52.85
2023-04-07,232.22,71.9,219.47,52.82
2023-04-10,234.11,71.31,223.38,52.92
2023-04-11,235.6,71.76,226.35,53.06
2023-04-12,236.21,72.63,228.84,52.51
2023-04-13,239.23,73.93,227.97,
2023-04-14,238.43,73.25,229.68,51.99
2023-04-17,234.62,71.04,225.37,51.9
2023-04-18,235.42,70.78,223.25,51.14
2023-04-19,235.98,70.55,221.19,51.34
2023-04-20,240.03,71.73,224.85,51.3
2023-04-21,236.03,69.57,223.5,50.85
2023-04-24,234.15,68.74,222.55,50.9
2023-04-25,237.97,69.85,,50.73
2023-04-26,239.61,69.83,220.6,50.82
2023-04-27,232.56,69.08,216.69,50.66
2023-04-28,233.06,68.44,215.87,49.98
2023-05-01,228.48,66.4,210.54,50.55
2023-05-02,225.89,66.57,208.32,50.02
2023-05-03,228.06,67.51,207.79,49.67
2023-05-04,233.62,68.78,211.33,49.19
2023-05-05,230.3,67.39,211.22,49.35
2023-05-08,231.67,67.25,208.12,49.51
2023-05-09,231.56,66.68,207.59,50.22
2023-05-10,238.02,68.49,213.78,49.18
2023-05-11,235.19,69.69,211.1,49.65
2023-05-12,232.72,69.66,211.43,48.62
2023-05-15,238.02,70.36,213.66,48.96
2023-05-16,238.31,68.72,215.56,48.13
2023-05-17,239.3,68.29,217.17,49.06
2023-05-18,235.2,68.18,214.36,49.15
2023-05-19,233.17,67.53,214.31,49.75
2023-05-22,228.43,66.28,212.39,50.53
2023-05-23,226.57,65.97,210.89,50.52
2023-05-24,228.44,67.32,209.21,50.2
2023-05-25,228.08,67.19,211.79,49.83
2023-05-26,226.0,66.79,213.69,50.24
2023-05-29,,66.36,210.55,50.18
2023-05-30,224.76,65.91,209.67,49.84
2023-05-31,225.73,65.81,209.61,50.03
2023-06-01,227.33,66.67,208.46,49.44
2023-06-02,,65.12,,49.76
2023-06-05,216.15,65.73,199.12,49.95
2023-06-06,215.53,66.08,198.63,49.63
2023-06-07,216.81,66.64,195.7,49.43
2023-06-08,217.77,66.35,196.56,50.04
2023-06-09,220.61,,199.2,49.89
2023-06-12,219.77,66.25,200.55,49.78
2023-06-13,218.41,66.14,199.69,49.79
2023-06-14,218.53,66.37,195.79,50.04
2023-06-15,218.69,67.15,198.59,49.36
2023-06-16,217.07,67.99,198.04,49.68
2023-06-19,216.91,68.74,198.84,49.8
2023-06-20,,69.53,202.98,48.97
2023-06-21,224.37,71.03,203.24,49.48
2023-06-22,222.36,71.85,197.15,
2023-06-23,226.4,71.7,196.24,
2023-06-26,229.54,73.37,198.69,48.93
2023-06-27,228.4,72.77,198.7,49.04
2023-06-28,228.12,72.31,196.08,48.45
2023-06-29,227.06,72.43,192.96,49.1
2023-06-30,228.18,72.98,192.01,48.93
2023-07-03,230.99,72.92,190.64,49.49
2023-07-04,231.94,72.8,191.93,49.08
2023-07-05,233.72,73.04,191.44,48.99
2023-07-06,231.91,72.17,188.99,49.75
2023-07-07,230.21,72.01,186.5,49.77
2023-07-10,237.96,75.57,189.44,49.5
2023-07-11,238.25,75.72,189.35,50.02
2023-07-12,236.31,74.73,188.88,49.91
2023-07-13,241.97,75.0,190.88,49.08
2023-07-14,242.75,75.03,191.1,48.39
2023-07-17,244.56,74.9,189.82,48.54
2023-07-18,246.34,75.1,188.31,48.73
2023-07-19,247.47,75.16,187.24,49.25
2023-07-20,247.03,74.77,190.98,49.15
2023-07-21,242.49,74.99,186.89,48.76
2023-07-24,244.08,74.5,186.04,47.75
2023-07-25,246.01,74.66,186.58,48.94
2023-07-26,252.0,76.41,188.12,48.85
2023-07-27,251.93,77.04,190.28,48.89
2023-07-28,245.46,76.12,187.08,49.42
2023-07-31,245.23,76.33,186.57,48.8
2023-08-01,252.66,79.05,191.24,47.97
2023-08-02,255.54,79.3,195.78,48.57
2023-08-03,253.48,79.29,197.62,49.0
2023-08-04,254.88,80.34,198.08,48.56
2023-08-07,253.84,80.76,197.13,48.15
2023-08-08,251.44,78.68,195.66,48.15
2023-08-09,251.68,77.87,195.57,48.07
2023-08-10,251.69,78.47,194.05,48.95
2023-08-11,247.1,75.47,193.72,49.19
2023-08-14,243.89,74.96,192.82,48.86
2023-08-15,242.49,75.62,192.77,48.83
2023-08-16,242.19,74.99,189.9,49.02
2023-08-17,243.59,75.04,190.5,48.38
2023-08-18,243.27,73.55,185.59,48.77
2023-08-21,247.23,73.77,185.34,49.17
2023-08-22,244.69,72.66,183.02,49.44
2023-08-23,249.94,73.43,185.39,48.79
2023-08-24,245.12,71.83,187.0,48.85
2023-08-25,240.79,70.94,186.87,48.31
2023-08-28,239.98,71.08,190.1,48.18
2023-08-29,243.83,73.34,193.28,48.02
2023-08-30,244.77,73.34,195.87,47.58
2023-08-31,243.92,73.96,200.25,48.31
2023-09-01,243.38,73.65,198.84,48.65
2023-09-04,240.17,72.6,196.08,48.05
2023-09-05,238.58,,196.84,47.36
2023-09-06,234.43,69.61,195.44,47.15
2023-09-07,230.53,,194.4,48.04
2023-09-08,233.72,68.5,194.42,48.35
2023-09-11,231.43,68.37,191.99,49.25
2023-09-12,231.74,67.62,195.53,49.2
2023-09-13,228.14,66.5,191.92,49.33
2023-09-14,228.98,65.98,193.61,48.72
2023-09-15,226.84,65.55,194.09,48.96
2023-09-18,229.89,67.03,192.7,48.62
2023-09-19,232.02,67.02,191.5,48.46
2023-09-20,235.06,67.81,191.68,48.95
2023-09-21,231.74,68.12,191.92,49.02
2023-09-22,,68.43,191.31,49.6
2023-09-25,229.4,67.39,190.06,49.06
2023-09-26,226.1,67.22,186.87,50.33
2023-09-27,225.41,66.63,191.0,50.21
2023-09-28,224.49,66.41,190.33,50.65
2023-09-29,,65.92,189.92,51.27
2023-10-02,220.59,64.34,187.33,51.3
2023-10-03,215.89,63.02,183.54,52.11
2023-10-04,214.79,62.34,185.93,52.71
2023-10-05,219.53,63.0,183.12,52.25
2023-10-06,216.24,62.47,181.91,52.22
2023-10-09,212.96,61.91,178.27,52.5
2023-10-10,218.71,62.84,179.5,52.1
2023-10-11,216.5,62.94,177.7,52.87
2023-10-12,217.52,62.71,176.32,53.14
2023-10-13,218.56,62.45,177.09,52.98
2023-10-16,220.81,61.28,173.32,53.14
2023-10-17,216.17,60.37,171.23,52.45
2023-10-18,214.9,59.86,170.86,52.2
2023-10-19,211.27,59.14,166.95,52.64
2023-10-20,217.48,59.61,172.03,52.7
2023-10-23,211.37,58.41,169.41,
2023-10-24,207.28,58.06,167.97,53.99
2023-10-25,203.6,57.03,165.96,54.61
2023-10-26,199.15,56.41,164.37,54.66
2023-10-27,202.89,56.91,167.92,54.32
2023-10-30,209.17,58.25,174.67,
2023-10-31,209.15,58.27,175.5,53.92
2023-11-01,206.7,57.99,176.05,54.92
2023-11-02,202.37,56.81,176.73,54.81
2023-11-03,202.45,56.33,176.94,55.01
2023-11-06,201.96,55.96,179.43,55.43
2023-11-07,201.55,55.91,180.18,55.4
2023-11-08,203.08,55.59,180.7,55.08
2023-11-09,204.49,55.73,181.79,54.96
2023-11-10,206.65,55.75,178.89,55.3
2023-11-13,203.53,55.55,179.1,55.11
2023-11-14,200.63,54.53,175.22,54.79
2023-11-15,201.99,54.09,173.11,55.22
2023-11-16,203.25,54.33,173.48,55.41
2023-11-17,207.11,55.24,172.5,55.74
2023-11-20,207.63,54.88,173.34,55.95
2023-11-21,205.63,54.31,172.13,57.35
2023-11-22,201.0,54.04,170.99,58.22
2023-11-23,198.11,53.92,168.71,58.0
2023-11-24,195.44,53.21,169.18,58.46
2023-11-27,196.97,53.21,169.83,58.0
2023-11-28,196.32,53.44,170.96,57.69
2023-11-29,199.64,54.13,170.07,56.73
2023-11-30,201.33,54.39,170.2,56.5
2023-12-01,202.97,54.43,172.32,56.73
2023-12-04,205.52,54.6,175.28,56.44
2023-12-05,206.71,55.04,174.41,55.79
2023-12-06,206.91,55.3,173.55,55.01
2023-12-07,212.46,56.2,173.41,55.76
2023-12-08,209.83,56.32,172.42,55.9
2023-12-11,208.13,56.93,169.74,55.54
2023-12-12,206.11,56.21,168.68,55.94
2023-12-13,206.8,57.19,170.49,56.9
2023-12-14,209.68,57.54,170.44,56.96
2023-12-15,209.48,58.04,170.26,55.55
2023-12-18,212.16,59.37,171.25,56.62
2023-12-19,207.33,58.14,171.06,56.08
2023-12-20,,58.9,169.99,55.98
2023-12-21,207.63,59.11,169.0,55.42
2023-12-22,205.42,58.3,166.87,55.19
2023-12-25,211.27,59.49,167.38,54.85
2023-12-26,211.16,60.01,168.23,53.85
2023-12-27,208.37,60.23,167.62,53.88
2023-12-28,208.98,59.75,167.76,54.43
2023-12-29,203.62,58.56,167.91,54.4
2024-01-01,203.11,58.25,,53.87
2024-01-02,206.19,58.57,167.66,53.61
2024-01-03,205.9,59.34,168.14,53.56
2024-01-04,202.89,59.0,167.7,53.43
2024-01-05,205.79,59.73,168.27,52.61
2024-01-08,207.89,61.1,170.22,52.59
2024-01-09,208.51,61.24,167.85,52.77
2024-01-10,208.74,61.48,169.88,52.35
2024-01-11,209.76,60.54,170.54,51.95
2024-01-12,206.62,59.87,168.28,52.16
2024-01-15,203.76,59.81,166.33,51.89
2024-01-16,201.2,59.98,162.52,52.17
2024-01-17,200.36,59.27,161.44,52.98
2024-01-18,196.22,58.28,159.69,53.14
2024-01-19,191.09,57.69,156.14,52.85
2024-01-22,192.12,57.54,157.59,52.99
2024-01-23,190.85,57.56,159.86,52.86
2024-01-24,194.41,58.93,161.48,52.46
2024-01-25,193.07,58.31,160.37,52.81
2024-01-26,194.22,57.58,161.38,53.08
2024-01-29,194.87,57.17,161.67,53.03
2024-01-30,193.98,57.05,159.71,53.04
2024-01-31,196.61,56.62,159.41,53.89
2024-02-01,198.79,56.92,159.7,54.32
2024-02-02,198.99,56.48,160.44,54.66
2024-02-05,198.47,57.1,160.23,54.77
2024-02-06,198.06,57.92,160.25,54.34
2024-02-07,196.58,56.69,156.56,55.16
2024-02-08,195.51,56.38,156.86,55.39
2024-02-09,195.3,55.63,156.31,55.22
2024-02-12,192.15,54.91,159.3,55.32
2024-02-13,192.72,55.96,159.12,54.75
2024-02-14,195.34,56.41,160.81,55.03
2024-02-15,193.14,55.8,164.55,55.54
2024-02-16,192.88,55.55,165.18,55.57
2024-02-19,191.77,55.52,164.07,55.75
2024-02-20,191.97,53.95,162.19,55.47
2024-02-21,190.15,53.41,164.03,54.54
2024-02-22,192.21,53.72,162.75,53.73
2024-02-23,190.92,53.1,162.81,53.5
2024-02-26,194.0,54.0,163.05,52.88
2024-02-27,192.19,54.41,162.52,53.06
2024-02-28,190.62,53.47,159.63,53.56
2024-02-29,187.78,53.74,160.6,53.74
2024-03-01,,53.27,160.42,54.37
2024-03-04,190.49,54.3,159.36,53.81
2024-03-05,188.8,54.52,161.66,53.69
2024-03-06,192.95,55.5,163.04,53.23
2024-03-07,196.29,56.09,165.03,53.47
2024-03-08,195.69,55.93,166.14,53.58
2024-03-11,196.65,55.86,166.63,53.7
2024-03-12,198.4,55.72,163.5,52.81
2024-03-13,196.55,55.18,163.84,52.54
2024-03-14,199.35,55.47,164.85,52.83
2024-03-15,201.39,55.14,164.69,51.78
2024-03-18,201.47,54.93,164.79,52.36
2024-03-19,203.06,54.8,162.85,52.46
2024-03-20,206.24,55.54,164.88,51.78
2024-03-21,208.19,55.84,162.84,51.36
2024-03-22,208.38,55.84,162.29,52.26
2024-03-25,211.5,57.57,164.04,52.64
2024-03-26,213.92,57.11,166.81,52.39
2024-03-27,213.7,57.16,165.15,52.51
2024-03-28,213.51,57.18,167.6,52.2
2024-03-29,213.5,57.67,169.41,52.22
2024-04-01,213.8,58.22,169.08,51.84
2024-04-02,210.77,57.41,165.89,52.05
2024-04-03,206.59,56.65,162.03,53.19
2024-04-04,204.0,55.85,161.63,53.31
2024-04-05,200.37,55.62,159.54,52.99
2024-04-08,198.97,54.47,160.87,52.46
2024-04-09,200.37,55.16,160.41,52.4
2024-04-10,199.7,55.07,158.83,52.06
2024-04-11,200.43,54.97,159.42,52.14
2024-04-12,198.31,54.24,157.19,51.61
2024-04-15,197.96,53.95,156.79,52.01
2024-04-16,199.97,54.83,158.93,51.4
2024-04-17,201.22,56.61,159.71,51.31
2024-04-18,198.98,56.78,159.23,51.28
2024-04-19,198.39,56.62,159.74,52.05
2024-04-22,203.15,58.14,159.17,51.71
2024-04-23,203.19,58.46,159.8,52.62
2024-04-24,200.77,57.65,159.41,53.02
2024-04-25,200.51,56.99,160.7,53.73
2024-04-26,199.83,57.03,161.79,53.61
2024-04-29,197.87,57.33,,53.8
2024-04-30,198.67,56.59,163.01,54.39
2024-05-01,194.85,55.5,161.16,55.12
2024-05-02,191.87,55.26,160.65,55.57
2024-05-03,190.54,55.21,160.03,55.43
2024-05-06,190.62,55.77,160.64,55.38
2024-05-07,190.69,54.85,159.51,56.06
2024-05-08,189.96,55.81,162.02,56.77
2024-05-09,189.95,55.18,165.4,56.45
2024-05-10,193.08,54.77,167.77,55.89
2024-05-13,191.17,54.7,170.3,55.45
2024-05-14,194.05,54.43,168.13,55.78
2024-05-15,195.22,54.14,165.24,55.42
2024-05-16,193.98,54.42,165.3,55.71
2024-05-17,194.82,54.55,165.77,55.91
2024-05-20,196.21,54.65,166.33,55.45
2024-05-21,197.69,55.23,164.35,56.09
2024-05-22,198.74,,166.86,55.24
2024-05-23,199.37,55.86,170.42,56.08
2024-05-24,199.9,55.93,172.9,56.19
2024-05-27,,56.08,175.93,54.93
2024-05-28,199.93,55.0,175.67,55.85
2024-05-29,199.0,54.6,173.56,56.47
2024-05-30,198.31,54.16,173.9,56.21
2024-05-31,197.73,53.8,178.07,55.63
2024-06-03,197.8,,176.6,55.01
2024-06-04,197.05,52.84,175.75,56.23
2024-06-05,196.75,53.4,177.63,55.78
2024-06-06,191.27,52.36,177.38,55.58
2024-06-07,191.35,52.24,175.68,55.76
2024-06-10,192.74,51.74,175.08,54.97
2024-06-11,192.99,51.99,174.06,54.51
2024-06-12,194.87,52.72,175.69,54.72
2024-06-13,190.78,51.83,176.38,55.18
2024-06-14,188.58,51.52,174.13,55.15
2024-06-17,182.57,49.58,173.33,55.67
2024-06-18,180.02,48.72,173.03,55.54
2024-06-19,179.96,48.12,176.71,55.59
2024-06-20,177.94,48.03,176.76,55.3
2024-06-21,181.73,48.55,177.79,54.79
2024-06-24,185.35,49.38,179.77,54.32
2024-06-25,185.35,49.07,179.27,53.94
2024-06-26,184.99,49.13,175.72,54.52
2024-06-27,186.19,49.58,176.4,54.69
2024-06-28,186.78,49.21,175.96,54.23
2024-07-01,184.55,48.99,172.36,53.81
2024-07-02,179.86,,170.49,54.06
2024-07-03,178.71,47.74,166.59,
2024-07-04,179.97,,166.79,54.54
2024-07-05,184.71,49.14,169.52,54.01
2024-07-08,185.78,49.12,169.77,54.04
2024-07-09,183.41,48.61,168.33,54.13
2024-07-10,,47.58,167.02,54.13
2024-07-11,182.51,47.87,166.29,54.58
2024-07-12,180.19,46.77,164.58,55.15
2024-07-15,180.52,46.65,165.24,55.46
2024-07-16,182.35,46.94,164.59,55.58
2024-07-17,182.91,47.43,165.49,55.94
2024-07-18,182.17,47.41,165.73,56.78
2024-07-19,184.2,47.47,166.04,57.35
2024-07-22,186.03,47.35,170.31,58.52
2024-07-23,185.45,47.25,169.3,59.32
2024-07-24,189.29,47.19,170.74,58.57
2024-07-25,188.72,47.34,169.69,59.09
2024-07-26,189.8,47.0,,59.3
2024-07-29,,45.41,167.6,60.85
2024-07-30,185.34,45.8,167.76,60.04
2024-07-31,188.28,47.27,168.31,60.02
2024-08-01,188.64,47.94,167.46,59.64
2024-08-02,188.16,48.48,166.4,59.79
2024-08-05,189.44,48.89,164.08,59.55
2024-08-06,189.47,47.88,162.72,59.94
2024-08-07,191.85,48.21,164.71,59.06
2024-08-08,189.49,47.63,164.26,59.66
2024-08-09,186.86,47.06,166.26,59.89
2024-08-12,189.9,47.64,168.68,59.73
2024-08-13,,47.92,170.59,60.56
2024-08-14,189.48,47.94,173.12,60.5
2024-08-15,187.67,46.88,172.22,60.85
2024-08-16,187.99,46.63,,
2024-08-19,188.08,46.64,172.45,60.98
2024-08-20,186.75,46.06,174.11,62.43
2024-08-21,187.51,46.34,174.51,62.38
2024-08-22,188.94,46.27,174.19,61.89
2024-08-23,187.51,46.3,175.15,62.96
2024-08-26,190.42,46.69,174.81,62.55
2024-08-27,190.43,46.32,,61.71
2024-08-28,191.7,46.06,175.98,61.34
2024-08-29,190.48,45.58,174.64,60.87
2024-08-30,,45.76,176.74,59.67
2024-09-02,189.65,45.44,173.35,59.63
2024-09-03,189.2,45.5,174.03,59.51
2024-09-04,190.49,45.26,173.18,60.16
2024-09-05,187.43,45.39,177.11,60.72
2024-09-06,187.5,45.28,176.76,61.17
2024-09-09,191.2,45.76,177.2,60.38
2024-09-10,192.04,45.91,175.02,60.81
2024-09-11,189.49,45.11,176.27,61.79
2024-09-12,190.87,45.09,176.0,61.94
2024-09-13,190.58,44.93,174.49,62.2
2024-09-16,198.34,45.99,178.77,60.73
2024-09-17,199.77,46.27,180.27,61.24
2024-09-18,198.78,45.93,181.03,62.31
2024-09-19,201.45,46.44,182.64,62.17
2024-09-20,197.7,45.43,180.95,62.24
2024-09-23,197.92,46.57,181.5,62.13
2024-09-24,203.27,47.23,184.33,61.44
2024-09-25,202.59,46.41,185.02,61.27
2024-09-26,197.28,45.08,185.15,62.0
2024-09-27,198.12,45.19,184.84,62.24
2024-09-30,203.23,46.33,184.97,62.47
2024-10-01,205.11,46.26,185.15,62.59
2024-10-02,202.73,46.37,185.64,62.29
2024-10-03,200.83,46.35,181.63,62.16
2024-10-04,200.93,46.04,177.85,61.96
2024-10-07,201.5,46.12,179.91,61.77
2024-10-08,204.18,46.79,184.17,62.47
2024-10-09,208.78,47.61,183.03,63.33
2024-10-10,209.94,47.98,183.75,63.7
2024-10-11,208.51,47.13,181.58,64.07
2024-10-14,,46.48,179.7,63.59
2024-10-15,205.75,47.48,180.85,63.59
2024-10-16,204.62,46.97,177.12,63.44
2024-10-17,204.16,47.21,174.96,64.42
2024-10-18,204.7,47.56,174.78,63.42
2024-10-21,200.81,47.16,173.37,63.9
2024-10-22,199.49,46.75,170.4,63.62
2024-10-23,198.56,47.06,171.68,63.63
2024-10-24,199.73,47.57,171.51,63.9
2024-10-25,201.1,48.17,171.9,64.23
2024-10-28,204.22,48.19,173.04,64.05
2024-10-29,205.64,48.39,172.92,64.47
2024-10-30,203.84,48.03,173.62,64.25
2024-10-31,200.14,47.43,170.93,64.64
2024-11-01,200.51,48.23,168.07,65.34
2024-11-04,201.19,47.84,167.99,65.43
2024-11-05,200.95,48.38,168.46,65.04
2024-11-06,194.29,47.1,164.32,65.36
2024-11-07,191.9,46.8,161.32,66.14
2024-11-08,193.34,48.34,162.81,65.2
2024-11-11,192.98,48.02,161.68,64.63
2024-11-12,190.5,47.11,158.02,65.31
2024-11-13,195.65,48.19,161.85,64.49
2024-11-14,195.99,47.87,160.83,63.66
2024-11-15,196.24,48.39,,64.34
2024-11-18,197.31,48.38,163.55,63.61
2024-11-19,198.39,48.48,163.7,63.57
2024-11-20,196.39,47.64,162.67,63.38
2024-11-21,201.9,47.94,160.46,62.72
2024-11-22,202.81,48.32,159.62,62.0
2024-11-25,206.45,48.11,160.24,62.21
2024-11-26,207.45,48.98,161.4,62.13
2024-11-27,206.11,47.93,157.61,62.91
2024-11-28,209.22,48.14,158.76,62.27
2024-11-29,207.81,47.92,156.22,63.67
2024-12-02,209.28,47.83,156.88,62.51
2024-12-03,204.81,46.53,155.34,61.99
2024-12-04,201.0,46.39,154.62,63.43
2024-12-05,201.07,46.17,156.6,63.62
2024-12-06,199.96,45.75,156.58,64.0
2024-12-09,194.92,44.82,156.08,64.71
2024-12-10,196.6,45.32,156.06,64.91
2024-12-11,201.26,46.44,162.61,64.58
2024-12-12,204.75,46.76,162.01,63.7
2024-12-13,203.09,46.54,160.93,64.22
2024-12-16,203.42,46.47,162.42,64.6
2024-12-17,205.71,47.16,164.55,65.22
2024-12-18,208.0,47.24,166.5,65.99
2024-12-19,207.15,47.86,167.3,66.26
2024-12-20,207.43,47.6,163.91,65.52
2024-12-23,207.6,47.74,166.86,66.49
2024-12-24,208.92,47.57,167.1,65.75
2024-12-25,207.6,47.02,169.09,65.98
2024-12-26,209.81,46.65,165.59,65.85
2024-12-27,214.51,46.92,167.42,65.26
2024-12-30,218.01,47.32,167.72,65.42
2024-12-31,220.62,,169.19,65.45
